X,Y,OBJECTID,source,ext_id,cat1,cat2,cat3,org_name,Name,addrln1,addrln2,city,state,hours,phones,url,info1,info2,post_id,description,zip,link,use_type,latitude,longitude,date_updated,email,dis_status,POINT_X,POINT_Y
-117.814466056983,34.0495309668015,2878,211,,Education,Colleges and Universities,,www.csupomona.edu,California State Polytechnic University - Pomona,3801 W. Temple Ave.,,Pomona,CA,,"Admissions and Outreach Service/Intake and Administration (909) 869-3210, University General Information Service/Intake and Administration (909) 869-7659, Disability Resource Center Service/Intake (909) 869-3333, Disabled Students TDD TDD (909) 869-4178, ",www.csupomona.edu,,,3072,The University provides post-secondary education.,91768,http://egis3.lacounty.gov/lms/?p=3072,publish,34.049531,-117.814466,2013/06/01 11:50:56+00,,,6617872.62076098,1840457.55131681
-118.20125705638,33.7646159670052,2895,211,,Education,Colleges and Universities,,www.calstate.edu/executive/,"California State University, The - Office Of The Chancellor",401 Golden Shore,,Long Beach,CA,,"Public Affairs Office Service/Intake (562) 951-4800, Chancellor's Office Administrative (562) 951-4000",www.calstate.edu/executive/,,,3084,The Chancellor is chief executive officer of the 23 campus California State University system and an ex-officio member of the California State University Board of Trustees.,90802,http://egis3.lacounty.gov/lms/?p=3084,publish,33.764616,-118.201257,2013/06/01 11:50:56+00,,,6500497.60419914,1736779.64745256
-118.170923056474,34.0627689667456,2973,211,,Education,Colleges and Universities,,www.calstatela.edu,California State University Los Angeles,5151 State University Dr.,,Los Angeles,CA,,"Center for Student Financial Aid Service/Intake (323) 343-6260, Campus Tours Service/Intake (323) 343-3175, University General Information Information Only (323) 343-3000, Admissions Office Service/Intake (323) 343-3901, Extended Education Office Service/",www.calstatela.edu,,,3145,The university provides post-secondary education for people in Los Angeles County.,90032,http://egis3.lacounty.gov/lms/?p=3145,publish,34.062769,-118.170923,2013/06/01 11:50:56+00,,,6509902.21432689,1845267.25560814
-118.258111056663,34.0491379668605,3097,211,,Education,Colleges and Universities,,www.laccd.edu,Los Angeles Community College District,770 Wilshire Blvd.,,Los Angeles,CA,,Administrative (213) 891-2000,www.laccd.edu,,,3246,The district provides post-secondary education for people in Los Angeles.,90017,http://egis3.lacounty.gov/lms/?p=3246,publish,34.049138,-118.258111,2013/06/01 11:50:56+00,,,6483482.55588022,1840363.0416633
-118.282567056334,34.0254579666253,11961,HSIP Freedom CollegesUniversities,203049,Education,Colleges and Universities,,LA County,Hebrew Union College-Jewish Institute Of Religion,3077 University Ave,,Los Angeles,CA,,2137493424,www.huc.edu,,99,12778,,90007,http://egis3.lacounty.gov/lms/?p=12778,publish,34.025458,-118.282567,2010/11/01 19:50:56+00,,,6476050.06352739,1831765.38070907
-118.473909055943,34.3000099659892,11962,HSIP Freedom CollegesUniversities,244011,Education,Colleges and Universities,,LA County,Itt Technical Institute-Sylmar,12669 Encinitas Ave,,Sylmar,CA,,8183645151,www.itt-tech.edu,,999,12779,,91342,http://egis3.lacounty.gov/lms/?p=12779,publish,34.30001,-118.473909,2010/11/01 19:50:56+00,,,6418543.17394821,1931896.99671839
-118.3846510563,33.9876399665453,11963,HSIP Freedom CollegesUniversities,245838,Education,Colleges and Universities,,LA County,Antioch University-Los Angeles Branch,400 Corporate Pointe,,Culver City,CA,,3105781080,www.antiochla.edu,,686,12780,,90230,http://egis3.lacounty.gov/lms/?p=12780,publish,33.98764,-118.384651,2010/11/01 19:50:56+00,,,6445065.18652089,1818105.40179548
-118.151838056294,34.0818129673187,11964,HSIP Freedom CollegesUniversities,260789,Education,Colleges and Universities,,LA County,Platt College-Los Angeles,"1000 South Fremont Avenue, A9W",,Alhambra,CA,,6263005444,www.plattcollege.edu,,160,12781,,91803,http://egis3.lacounty.gov/lms/?p=12781,publish,34.081813,-118.151838,2010/11/01 19:50:56+00,,,6515693.02656414,1852188.4435374
-118.369383056596,34.063875966438,11965,HSIP Freedom CollegesUniversities,368780,Education,Colleges and Universities,,LA County,Los Angeles Ort Technical Institute,6435 Wilshire Blvd,,Los Angeles,CA,,3239665444,www.laort.edu,,176,12782,,90048,http://egis3.lacounty.gov/lms/?p=12782,publish,34.063876,-118.369383,2010/11/01 19:50:56+00,,,6449795.53992106,1845831.65769456
-118.389963055658,34.0328259671859,11966,HSIP Freedom CollegesUniversities,368805,Education,Colleges and Universities,,LA County,Everest College-West Los Angeles,3000 S Robertson Blvd #300,,Los Angeles,CA,,3108405777,www.everest.edu/campus/west_los_angeles,,173,12783,,90034,http://egis3.lacounty.gov/lms/?p=12783,publish,34.032826,-118.389963,2010/11/01 19:50:56+00,,,6443518.68206798,1834555.58510239
-117.748468057866,34.0578649676826,11967,HSIP Freedom CollegesUniversities,372000,Education,Colleges and Universities,,LA County,Thuy Princess Beauty College,252 E Second St,,Pomona,CA,,9096206893,,,27,12784,,91766,http://egis3.lacounty.gov/lms/?p=12784,publish,34.057865,-117.748468,2010/11/01 19:50:56+00,,,6637857.22711714,1843533.91261815
-118.255112056745,34.1485459669494,11968,HSIP Freedom CollegesUniversities,372028,Education,Colleges and Universities,,LA County,North-West College-Glendale,221 North Brand,,Glendale,CA,,8182420205,www.northwestcollege.com,,116,12785,,91203,http://egis3.lacounty.gov/lms/?p=12785,publish,34.148546,-118.255112,2010/11/01 19:50:56+00,,,6484482.83406338,1876537.04575872
-118.023570057048,34.0289199667418,11969,HSIP Freedom CollegesUniversities,372037,Education,Colleges and Universities,,LA County,Everest College-City Of Industry,12801 Crossroads Parkway South,,City Of Industry,CA,,5629082500,www.everest.edu/campus/city_of_industry,,329,12786,,91746,http://egis3.lacounty.gov/lms/?p=12786,publish,34.02892,-118.02357,2010/11/01 19:50:56+00,,,6554528.69954881,1832905.7675359
-118.098966056702,33.868222967031,11970,HSIP Freedom CollegesUniversities,372073,Education,Colleges and Universities,,LA County,Fremont College,18000 Studebaker Road Suite 900A,,Cerritos,CA,,5628095100,www.fremont.edu,,146,12787,,90703,http://egis3.lacounty.gov/lms/?p=12787,publish,33.868223,-118.098966,2010/11/01 19:50:56+00,,,6531626.39791255,1774438.55048107
-118.331741055758,34.0042389668274,11971,HSIP Freedom CollegesUniversities,372240,Education,Colleges and Universities,,LA County,Universal College Of Beauty Inc,3419 W 43Rd Place,,Los Angeles,CA,,3232980045,,,42,12788,,90008,http://egis3.lacounty.gov/lms/?p=12788,publish,34.004239,-118.331741,2010/11/01 19:50:56+00,,,6461124.47789305,1824088.9308389
-118.290463055862,33.8490849676357,11972,HSIP Freedom CollegesUniversities,378406,Education,Colleges and Universities,,LA County,Itt Technical Institute-Torrance,20050 S. Vermont Ave,,Torrance,CA,,3103801555,WWW.ITT-TECH.EDU,,897,12789,,90502,http://egis3.lacounty.gov/lms/?p=12789,publish,33.849085,-118.290463,2010/11/01 19:50:56+00,,,6473472.03882781,1767586.39587831
-118.462578055511,34.1532099665532,11973,HSIP Freedom CollegesUniversities,381945,Education,Colleges and Universities,,LA County,Los Angeles Ort Technical Institute-Sherman Oaks,"15130 Ventura Blvd,  Ste 250",,Sherman Oaks,CA,,8183826000,www.laort.edu,,54,12790,,91403,http://egis3.lacounty.gov/lms/?p=12790,publish,34.15321,-118.462578,2010/11/01 19:50:56+00,,,6421719.42054847,1878458.43332015
-117.960266056736,34.0100229673245,11974,HSIP Freedom CollegesUniversities,383084,Education,Colleges and Universities,,LA County,Hacienda La Puente Unified School District-Adult Education,15959 E Gale Ave,,City Of Industry,CA,,6269333914,www.hlpae.org,,1500,12791,,91745,http://egis3.lacounty.gov/lms/?p=12791,publish,34.010023,-117.960266,2010/11/01 19:50:56+00,,,6573712.31406863,1826030.31376715
-118.128975956343,34.0939721865819,11975,HSIP Freedom CollegesUniversities,393524,Education,Colleges and Universities,,LA County,Alhambra Beauty College,200 W Main St,,Alhambra,CA,,6262827765,,,101,12792,,91801,http://egis3.lacounty.gov/lms/?p=12792,publish,34.09397222,-118.1289759,2014/12/24 09:51:54+00,,,6522621.45758913,1856603.73982489
-118.272088056757,34.0562319666952,11976,HSIP Freedom CollegesUniversities,395690,Education,Colleges and Universities,,LA County,Diversified Language Institute,1670 Wilshire Blvd,,Los Angeles,CA,,2134136808,dliusa.com,,300,12793,,90017,http://egis3.lacounty.gov/lms/?p=12793,publish,34.056232,-118.272088,2010/11/01 19:50:56+00,,,6479255.59845489,1842955.84290814
-118.336208056269,34.097962966344,11977,HSIP Freedom CollegesUniversities,397641,Education,Colleges and Universities,,LA County,Los Angeles Recording School,6690 Sunset Boulevard,,Hollywood,CA,,3234645200,www.larecordingschool.com,,430,12794,,90028,http://egis3.lacounty.gov/lms/?p=12794,publish,34.097963,-118.336208,2010/11/01 19:50:56+00,,,6459884.68247239,1858201.23006822
-118.000614057328,34.1405279672237,11978,HSIP Freedom CollegesUniversities,398130,Education,Colleges and Universities,,LA County,Mt Sierra College,101 E Huntington Dr,,Monrovia,CA,,6268732144,www.mtsierra.edu,,458,12795,,91016,http://egis3.lacounty.gov/lms/?p=12795,publish,34.140528,-118.000614,2010/11/01 19:50:56+00,,,6561484.53504655,1873521.20238097
-118.220223056446,33.790992967405,11979,HSIP Freedom CollegesUniversities,398574,Education,Colleges and Universities,,LA County,Wyotech-Long Beach,2161 Technology Place,,Long Beach,CA,,5626249530,www.wyotech.edu/campus/long_beach,,405,12796,,90810,http://egis3.lacounty.gov/lms/?p=12796,publish,33.790993,-118.220223,2010/11/01 19:50:56+00,,,6494753.86535855,1746391.04981765
-118.442947055772,33.9928999672028,11980,HSIP Freedom CollegesUniversities,401250,Education,Colleges and Universities,,LA County,Yo San University Of Traditional Chinese Medicine,13315 W. Washington Boulevard,,Los Angeles,CA,,3105773000,www.yosan.edu,,141,12797,,90066,http://egis3.lacounty.gov/lms/?p=12797,publish,33.9929,-118.442947,2010/11/01 19:50:56+00,,,6427401.57027338,1820092.35681106
-118.262997056734,34.0365539667732,11981,HSIP Freedom CollegesUniversities,401339,Education,Colleges and Universities,,LA County,Coast Career Institute,1354 S Hill St,,Los Angeles,CA,,2137478676,,,50,12798,,90015,http://egis3.lacounty.gov/lms/?p=12798,publish,34.036554,-118.262997,2010/11/01 19:50:56+00,,,6481990.49521606,1835787.32935806
-118.298832056044,34.0617429672107,11982,HSIP Freedom CollegesUniversities,410502,Education,Colleges and Universities,,LA County,The Art Institute Of California-Hollywood,3440 Wilshire Blvd 10Th Fl,,Los Angeles,CA,,2132513636,www.aicdc.artinstitutes.edu,,1015,12799,,90010,http://egis3.lacounty.gov/lms/?p=12799,publish,34.061743,-118.298832,2010/11/01 19:50:56+00,,,6471160.89745273,1844984.39856231
-118.29507305637,34.0617829669864,11983,HSIP Freedom CollegesUniversities,411684,Education,Colleges and Universities,,LA County,Marian Health Careers Center,3325 Wilshire Blvd Ste 1010,,Los Angeles,CA,,2133883566,www.mariancollegecalifornia.com,,169,12800,,90010,http://egis3.lacounty.gov/lms/?p=12800,publish,34.061783,-118.295073,2010/11/01 19:50:56+00,,,6472299.4525903,1844995.59178139
-118.377050056101,33.9554109670555,11984,HSIP Freedom CollegesUniversities,413680,Education,Colleges and Universities,,LA County,Crimson Technical College,8911 Aviation Blvd,,Inglewood,CA,,8885491848,www.redstone.edu,,387,12801,,90301,http://egis3.lacounty.gov/lms/?p=12801,publish,33.955411,-118.37705,2010/11/01 19:50:56+00,,,6447325.38770914,1806367.93708147
-117.960479057527,34.096490967492,11985,HSIP Freedom CollegesUniversities,417105,Education,Colleges and Universities,,LA County,Baldwin Park Adult & Community Education,4640 Maine Ave,,Baldwin Park,CA,,6268564101,www.bpace.k12.ca.us,,1400,12802,,91706,http://egis3.lacounty.gov/lms/?p=12802,publish,34.096491,-117.960479,2010/11/01 19:50:56+00,,,6573635.38705714,1857497.67406064
-118.139592056364,34.1445729671391,11986,HSIP Freedom CollegesUniversities,423980,Education,Colleges and Universities,,LA County,California School Of Culinary Arts,521 East Green Street,,Pasadena,CA,,6262291300,www.csca.edu,,1995,12803,,91101,http://egis3.lacounty.gov/lms/?p=12803,publish,34.144573,-118.139592,2010/11/01 19:50:56+00,,,6519432.89080356,1875022.57765906
-118.44634205658,34.2216159668542,11987,HSIP Freedom CollegesUniversities,424424,Education,Colleges and Universities,,LA County,Kaplan College,14355 Roscoe Blvd,,Panorama City,CA,,8186723000,www.kc-panoramacity.com,,260,12804,,91402,http://egis3.lacounty.gov/lms/?p=12804,publish,34.221616,-118.446342,2010/11/01 19:50:56+00,,,6426742.05682863,1903330.16179182
-118.314928056255,33.8359799674567,11988,HSIP Freedom CollegesUniversities,430980,Education,Colleges and Universities,,LA County,Everest College-Torrance,1231 Cabrillo Ave Ste 201,,Torrance,CA,,3103203200,www.everest.edu/campus/torrance,,87,12805,,90501,http://egis3.lacounty.gov/lms/?p=12805,publish,33.83598,-118.314928,2010/11/01 19:50:56+00,,,6466028.38967314,1762839.54546389
-118.185043056598,33.8201129672019,11989,HSIP Freedom CollegesUniversities,433004,Education,Colleges and Universities,,LA County,American University Of Health Sciences,3501 Atlantic Ave.,,Long Beach,CA,,5629882278,auhs.edu,,74,12806,,90807,http://egis3.lacounty.gov/lms/?p=12806,publish,33.820113,-118.185043,2010/11/01 19:50:56+00,,,6505463.07687972,1756967.04047665
-118.462313056296,34.4073529664951,11990,HSIP Freedom CollegesUniversities,434317,Education,Colleges and Universities,,LA County,Clarita Career College,27125 Sierra Hwy Ste 329,,Canyon Country,CA,,6612521864,claritacareercollege.com,,193,12807,,91351,http://egis3.lacounty.gov/lms/?p=12807,publish,34.407353,-118.462313,2010/11/01 19:50:56+00,,,6422224.97071847,1970944.45766531
-118.328253056322,34.0980089671994,11991,HSIP Freedom CollegesUniversities,436429,Education,Colleges and Universities,,LA County,Los Angeles Film School,6363 Sunset Blvd,,Hollywood,CA,,8779523456,www.lafilm.com,,381,12808,,90028,http://egis3.lacounty.gov/lms/?p=12808,publish,34.098009,-118.328253,2010/11/01 19:50:56+00,,,6462293.07332489,1858210.01056248
-118.307570056204,34.0980869666042,11992,HSIP Freedom CollegesUniversities,437662,Education,Colleges and Universities,,LA County,Icdc College,5422 Sunset Blvd.,,Los Angeles,CA,,3234680404,www.icdccollege.com,,1750,12809,,90027,http://egis3.lacounty.gov/lms/?p=12809,publish,34.098087,-118.30757,2010/11/01 19:50:56+00,,,6468554.83376722,1858218.59191014
-118.30899805621,34.180618966433,11993,HSIP Freedom CollegesUniversities,437884,Education,Colleges and Universities,,LA County,Intercoast Colleges,"175 East Olive Avenue, 3Rd Floor",,Burbank,CA,,8185008400,INTERCOASTCOLLEGES.COM,,68,12810,,91502,http://egis3.lacounty.gov/lms/?p=12810,publish,34.180619,-118.308998,2010/11/01 19:50:56+00,,,6468214.84264931,1888254.68702155
-118.344685055632,34.068882967212,11994,HSIP Freedom CollegesUniversities,439367,Education,Colleges and Universities,,LA County,Community Based Education And Development Dba Cbd College,5724 W. Third Street # 314,,Los Angeles,CA,,3239377772,www.cbd.edu,,95,12811,,90036,http://egis3.lacounty.gov/lms/?p=12811,publish,34.068883,-118.344685,2010/11/01 19:50:56+00,,,6457282.02527614,1847627.22136064
-118.099824056825,33.874374967285,11995,HSIP Freedom CollegesUniversities,439871,Education,Colleges and Universities,,LA County,Pci College,17215 Studebaker Rd #310,,Cerritos,CA,,5629165055,www.pci-ed.com,,155,12812,,90703,http://egis3.lacounty.gov/lms/?p=12812,publish,33.874375,-118.099824,2010/11/01 19:50:56+00,,,6531368.15105373,1776677.67001855
-118.201384056216,33.932065967115,11996,HSIP Freedom CollegesUniversities,439905,Education,Colleges and Universities,,LA County,St. Francis Career College,3680 E. Imperial Highway,,Lynwood,CA,,3109008050,,,271,12813,,90262,http://egis3.lacounty.gov/lms/?p=12813,publish,33.932066,-118.201384,2010/11/01 19:50:56+00,,,6500581.08992456,1797718.91599372
-117.722572057969,34.0916869671999,11997,HSIP Freedom CollegesUniversities,440031,Education,Colleges and Universities,,LA County,Keck Graduate Institute,535 Watson Dr,,Claremont,CA,,9096077855,www.kgi.edu,,95,12814,,91711,http://egis3.lacounty.gov/lms/?p=12814,publish,34.091687,-117.722572,2010/11/01 19:50:56+00,,,6645666.91359746,1855862.9755584
-118.376161055711,34.0631659664459,11998,HSIP Freedom CollegesUniversities,441229,Education,Colleges and Universities,,LA County,West Coast Ultrasound Institute,291 S La Cienega Blvd Ste 500,,Beverly Hills,CA,,3102895123,WCUI.edu,,492,12815,,90211,http://egis3.lacounty.gov/lms/?p=12815,publish,34.063166,-118.376161,2010/11/01 19:50:56+00,,,6447741.73431739,1845580.88982339
-117.971811056607,34.13220796698,11999,HSIP Freedom CollegesUniversities,441238,Education,Colleges and Universities,,LA County,City Of Hope Graduate School Of Biological Sciences,1500 E. Duarte Rd.,,Duarte,CA,,6262564673,gradschool.coh.org,,69,12816,,91010,http://egis3.lacounty.gov/lms/?p=12816,publish,34.132208,-117.971811,2010/11/01 19:50:56+00,,,6570200.95659006,1870494.59754181
-118.043974056872,34.0914459673359,12000,HSIP Freedom CollegesUniversities,442204,Education,Colleges and Universities,,LA County,United Beauty College Inc,10229 Lower Azusa Road,,Temple City,CA,,6264430900,,,74,12817,,91780,http://egis3.lacounty.gov/lms/?p=12817,publish,34.091446,-118.043974,2010/11/01 19:50:56+00,,,6548356.31097497,1855662.26237714
-118.464756056208,34.0399749665267,12001,HSIP Freedom CollegesUniversities,442985,Education,Colleges and Universities,,LA County,California Healing Arts College,"12217 Santa Monica Blvd, Suite 206",,Los Angeles,CA,,3108267622,www.chac.edu,,31,12818,,90025,http://egis3.lacounty.gov/lms/?p=12818,publish,34.039975,-118.464756,2010/11/01 19:50:56+00,,,6420869.95013456,1837253.56363031
-118.04407305646,33.8920039676825,12002,HSIP Freedom CollegesUniversities,443207,Education,Colleges and Universities,,LA County,Ntma Training Centers Of Southern California,"13230 Firestone Blvd., Unit A",,Santa Fe Springs,CA,,5624044295,www.trainingcenters.org,,286,12819,,90670,http://egis3.lacounty.gov/lms/?p=12819,publish,33.892004,-118.044073,2010/11/01 19:50:56+00,,,6548294.51647913,1783081.17263147
-118.292383306063,34.0793069170404,12003,HSIP Freedom CollegesUniversities,443331,Education,Colleges and Universities,,LA County,West Coast University,4021 Rosewood Ave,,Los Angeles,CA,,8775054928,www.westcoastuniversity.edu,,864,12820,,90004,http://egis3.lacounty.gov/lms/?p=12820,publish,34.07930695,-118.29238325,2011/02/14 15:11:50+00,,,6473132.66417848,1851370.48519956
-118.236626056484,33.8958319674257,12004,HSIP Freedom CollegesUniversities,443517,Education,Colleges and Universities,,LA County,Universal College Of Beauty Inc,718 West Compton Blvd,,Compton,CA,,3232991737,,,15,12821,,90220,http://egis3.lacounty.gov/lms/?p=12821,publish,33.895832,-118.236626,2010/11/01 19:50:56+00,,,6489859.51031789,1784555.86128314
-117.938483056961,34.0690529670649,12005,HSIP Freedom CollegesUniversities,443571,Education,Colleges and Universities,,LA County,Intercoast Colleges,1400 W. West Covina Pkwy-2Nd Floor,,West Covina,CA,,6263376800,intercoastcolleges.com,,74,12822,,91790,http://egis3.lacounty.gov/lms/?p=12822,publish,34.069053,-117.938483,2010/11/01 19:50:56+00,,,6580300.82976297,1847515.81443122
-118.384566056526,33.987711966843,12006,HSIP Freedom CollegesUniversities,443863,Education,Colleges and Universities,,LA County,Gemological Institute Of America-Los Angeles,"600 Corporate Pointe, Suite 100",,Culver City,CA,,3106702100,www.gia.edu,,0,12823,,90230,http://egis3.lacounty.gov/lms/?p=12823,publish,33.987712,-118.384566,2010/11/01 19:50:56+00,,,6445091.05392322,1818131.50541781
-118.068320057001,33.905346967003,12007,HSIP Freedom CollegesUniversities,444325,Education,Colleges and Universities,,LA County,Ati College,12440 Firestone Blvd Ste 2001,,Norwalk,CA,,5628640506,www.ati.edu,,162,12824,,90650,http://egis3.lacounty.gov/lms/?p=12824,publish,33.905347,-118.06832,2010/11/01 19:50:56+00,,,6540939.04004839,1787941.1153394
-118.158222056092,33.915551967165,12008,HSIP Freedom CollegesUniversities,444343,Education,Colleges and Universities,,LA County,Advanced College,13180 Paramount Blvd.,,South Gate,CA,,5624086969,www.advancedcollege.edu,,147,12825,,90280,http://egis3.lacounty.gov/lms/?p=12825,publish,33.915552,-118.158222,2010/11/01 19:50:56+00,,,6513664.68317989,1791685.68560614
-118.293345056505,34.0636109667116,12009,HSIP Freedom CollegesUniversities,444510,Education,Colleges and Universities,,LA County,Ces College,"3251 West 6Th Street, Suite 202",,Los Angeles,CA,,2133815220,eduinla.com,,26,12826,,90020,http://egis3.lacounty.gov/lms/?p=12826,publish,34.063611,-118.293345,2010/11/01 19:50:56+00,,,6472824.76420373,1845659.30141197
-118.282705056048,34.0610619669082,12010,HSIP Freedom CollegesUniversities,444741,Education,Colleges and Universities,,LA County,Liberty Training Institute,2706 Wilshire Blvd,,Los Angeles,CA,,2133839545,,,150,12827,,90057,http://egis3.lacounty.gov/lms/?p=12827,publish,34.061062,-118.282705,2010/11/01 19:50:56+00,,,6476044.68952239,1844722.44108097
-118.141837056002,33.7901389670861,12011,HSIP Freedom CollegesUniversities,445106,Education,Colleges and Universities,,LA County,Brooks College,,,,CA,,,,,0,12828,,,http://egis3.lacounty.gov/lms/?p=12828,publish,33.790139,-118.141837,2010/11/01 19:50:56+00,,,6518571.60151564,1746037.3605644
-118.156435057553,34.6775189655391,12012,HSIP Freedom CollegesUniversities,446118,Education,Colleges and Universities,,LA County,Career Care Institute,43770 Fifteenth St W Ste 115,,Lancaster,CA,,6619426204,www.careercareinstitute.com,,337,12829,,93534,http://egis3.lacounty.gov/lms/?p=12829,publish,34.677519,-118.156435,2010/11/01 19:50:56+00,,,6514638.41351588,2068980.40201297
-118.372056056276,33.9770229665973,12013,HSIP Freedom CollegesUniversities,446358,Education,Colleges and Universities,,LA County,Ladera Career Paths Training Centers,6820 La Tijera Blvd Ste 217,,Los Angeles,CA,,3105680244,www.laderacareerpathsinc.com,,30,12830,,90045,http://egis3.lacounty.gov/lms/?p=12830,publish,33.977023,-118.372056,2010/11/01 19:50:56+00,,,6448868.98271905,1814227.30817373
-118.150389056425,34.1393299668514,12014,HSIP Freedom CollegesUniversities,446385,Education,Colleges and Universities,,LA County,Los Angeles Music Academy,370 S Fair Oaks Ave,,Pasadena,CA,,6265688850,www.lamusicacademy.edu,,140,12831,,91105,http://egis3.lacounty.gov/lms/?p=12831,publish,34.13933,-118.150389,2010/11/01 19:50:56+00,,,6516163.10633263,1873119.26814547
-118.273931056613,34.0570179669966,12015,HSIP Freedom CollegesUniversities,446622,Education,Colleges and Universities,,LA County,Walter Jay Md Institute An Educational Center,1930 Wilshire Blvd Ste 700,,Los Angeles,CA,,2133881369,,,123,12832,,90057,http://egis3.lacounty.gov/lms/?p=12832,publish,34.057018,-118.273931,2010/11/01 19:50:56+00,,,6478698.13959606,1843243.39876348
-118.451120055871,34.01893996722,12016,HSIP Freedom CollegesUniversities,447272,Education,Colleges and Universities,,LA County,Argosy University-Los Angeles,2950 31St Street,,Santa Monica,CA,,3108664000,www.argosy.edu/losangeles,,307,12833,,90405,http://egis3.lacounty.gov/lms/?p=12833,publish,34.01894,-118.45112,2010/11/01 19:50:56+00,,,6424966.66766289,1829579.76598582
-118.601563055455,34.1976009661042,12017,HSIP Freedom CollegesUniversities,447713,Education,Colleges and Universities,,LA County,California Career College,7003 Owensmouth Avenue,,Canoga Park,CA,,8187101310,,,135,12834,,91303,http://egis3.lacounty.gov/lms/?p=12834,publish,34.197601,-118.601563,2010/11/01 19:50:56+00,,,6379767.25346872,1894835.41303331
-118.043524057055,34.076402966923,12018,HSIP Freedom CollegesUniversities,447722,Education,Colleges and Universities,,LA County,Palladium Technical Academy,10507 Valley Blvd Ste 806,,El Monte,CA,,6264440880,,,62,12835,,91731,http://egis3.lacounty.gov/lms/?p=12835,publish,34.076403,-118.043524,2010/11/01 19:50:56+00,,,6548490.18734764,1850187.77070148
-118.309041056426,34.0447859671882,12019,HSIP Freedom CollegesUniversities,447731,Education,Colleges and Universities,,LA County,Palace Beauty College,1517 S Western Ave,,Los Angeles,CA,,3237312075,www.palacebeautycollege.com,,20,12836,,90006,http://egis3.lacounty.gov/lms/?p=12836,publish,34.044786,-118.309041,2010/11/01 19:50:56+00,,,6468049.86003964,1838822.79539998
-118.1385830567,33.9900619666532,12020,HSIP Freedom CollegesUniversities,447759,Education,Colleges and Universities,,LA County,National Polytechnic College,6630 Telegraph Road,,Commerce,CA,,3237289636,www.npcollege.edu,,108,12837,,90040,http://egis3.lacounty.gov/lms/?p=12837,publish,33.990062,-118.138583,2010/11/01 19:50:56+00,,,6519660.67053172,1818792.67273064
-118.308439056666,34.1806519668291,12021,HSIP Freedom CollegesUniversities,449366,Education,Colleges and Universities,,LA County,Make-Up Designory,129 S. San Fernando Blvd.,,Burbank,CA,,8187299420,www.mud.edu,,290,12838,,91502,http://egis3.lacounty.gov/lms/?p=12838,publish,34.180652,-118.308439,2010/11/01 19:50:56+00,,,6468383.9466418,1888266.17715606
-118.310823056118,34.1838659663486,12022,HSIP Freedom CollegesUniversities,449375,Education,Colleges and Universities,,LA County,Video Symphony Entertraining,266 E Magnolia Blvd,,Burbank,CA,,8185577200,www.videosymphony.com,,335,12839,,91502,http://egis3.lacounty.gov/lms/?p=12839,publish,34.183866,-118.310823,2010/11/01 19:50:56+00,,,6467666.53272231,1889438.02520606
-118.328870056437,34.0900149665182,12023,HSIP Freedom CollegesUniversities,449384,Education,Colleges and Universities,,LA County,Gnomon School Of Visual Effects,1015 N Cahuenga Blvd Ste 54301,,Hollywood,CA,,3234666663,gnomonschool.com,,73,12840,,90038,http://egis3.lacounty.gov/lms/?p=12840,publish,34.090015,-118.32887,2010/11/01 19:50:56+00,,,6462096.76170963,1855301.46946356
-118.31956805671,34.0617529665743,12024,HSIP Freedom CollegesUniversities,449409,Education,Colleges and Universities,,LA County,Meridian Institute,4201 Wilshire Blvd Ste 515,,Los Angeles,CA,,3239361624,,,30,12841,,90010,http://egis3.lacounty.gov/lms/?p=12841,publish,34.061753,-118.319568,2010/11/01 19:50:56+00,,,6464880.46545981,1845007.35652165
-118.559372055885,34.2282479664489,12025,HSIP Freedom CollegesUniversities,449418,Education,Colleges and Universities,,LA County,Academy Of Barbering Arts,19557 Parthenia St,,Northridge,CA,,8187759951,,,93,12842,,91324,http://egis3.lacounty.gov/lms/?p=12842,publish,34.228248,-118.559372,2010/11/01 19:50:56+00,,,6392587.06838022,1905914.56344715
-118.606016055737,34.2219989660892,12026,HSIP Freedom CollegesUniversities,449445,Education,Colleges and Universities,,LA County,Valley College Of Medical Careers,8399 Topanga Canyon Blvd Ste 200,,West Hills,CA,,8188839002,,,95,12843,,91304,http://egis3.lacounty.gov/lms/?p=12843,publish,34.221999,-118.606016,2010/11/01 19:50:56+00,,,6378474.28328563,1903722.21284498
-118.081860056774,34.0459109668948,12027,HSIP Freedom CollegesUniversities,449870,Education,Colleges and Universities,,LA County,University Of The West,1409 N Walnut Grove Ave,,Rosemead,CA,,6265718811,www.uwest.edu,,237,12844,,91770,http://egis3.lacounty.gov/lms/?p=12844,publish,34.045911,-118.08186,2010/11/01 19:50:56+00,,,6536872.06655505,1839098.38704039
-118.259383056329,33.8326969673457,12028,HSIP Freedom CollegesUniversities,450669,Education,Colleges and Universities,,LA County,Intercoast Colleges,One Civic Plaza-Ste 110,,Carson,CA,,3108478400,www.intercoastcolleges.com,,143,12845,,90745,http://egis3.lacounty.gov/lms/?p=12845,publish,33.832697,-118.259383,2010/11/01 19:50:56+00,,,6482893.98356655,1761596.5912569
-118.148308056487,33.8014419669842,12029,HSIP Freedom CollegesUniversities,450775,Education,Colleges and Universities,,LA County,Newbridge College-Long Beach,3799 E. Burnett St.,,Long Beach,CA,,5624984500,www.newbridgecollege.edu,,420,12846,,90815,http://egis3.lacounty.gov/lms/?p=12846,publish,33.801442,-118.148308,2010/11/01 19:50:56+00,,,6516611.38726021,1750153.66696431
-118.142520056867,33.8810879671457,12030,HSIP Freedom CollegesUniversities,450960,Education,Colleges and Universities,,LA County,Infotech Career College,16900 Lakewood Blvd Ste 209,,Bellflower,CA,,5628041239,www.infotechinst.com/,,50,12847,,90706,http://egis3.lacounty.gov/lms/?p=12847,publish,33.881088,-118.14252,2010/11/01 19:50:56+00,,,6518410.99225681,1779136.31372331
-118.322643055678,33.9308879673467,12031,HSIP Freedom CollegesUniversities,450997,Education,Colleges and Universities,,LA County,Healthy Hair Academy,2648 W Imperial Hwy,,Inglewood,CA,,3237579597,,,25,12848,,90303,http://egis3.lacounty.gov/lms/?p=12848,publish,33.930888,-118.322643,2010/11/01 19:50:56+00,,,6463796.25732638,1797386.09808981
-118.214662056498,34.1374259663619,12032,HSIP Freedom CollegesUniversities,451006,Education,Colleges and Universities,,LA County,Career College Consultants,5015 Eagle Rock Blvd Ste 302,,Los Angeles,CA,,3232542203,www.sticcc.com,,27,12849,,90041,http://egis3.lacounty.gov/lms/?p=12849,publish,34.137426,-118.214662,2010/11/01 19:50:56+00,,,6496712.85159805,1872461.6844869
-118.266163056811,34.0342249670631,12033,HSIP Freedom CollegesUniversities,108199,Education,Colleges and Universities,,LA County,Abram Friedman Occupational Center,1646 S Olive Street,,Los Angeles,CA,,2137652400,afoc.adultinstruction.org,,14127,12850,,90015,http://egis3.lacounty.gov/lms/?p=12850,publish,34.034225,-118.266163,2010/11/01 19:50:56+00,,,6481029.05455364,1834942.28806914
-118.309384056683,34.1071249665905,12034,HSIP Freedom CollegesUniversities,108870,Education,Colleges and Universities,,LA County,American Film Institute Conservatory,2021 N Western Ave,,Los Angeles,CA,,3238567600,www.AFI.com,,359,12851,,90027,http://egis3.lacounty.gov/lms/?p=12851,publish,34.107125,-118.309384,2010/11/01 19:50:56+00,,,6468015.7780868,1861509.35895064
-118.186901056586,34.1708439670439,12035,HSIP Freedom CollegesUniversities,109651,Education,Colleges and Universities,,LA County,Art Center College Of Design,1700 Lida St,,Pasadena,CA,,6263962200,www.artcenter.edu,,1760,12852,,91103,http://egis3.lacounty.gov/lms/?p=12852,publish,34.170844,-118.186901,2010/11/01 19:50:56+00,,,6505136.02963355,1884606.30389839
-118.302716056072,34.061718966709,12036,HSIP Freedom CollegesUniversities,110219,Education,Colleges and Universities,,LA County,Bryan College,3580 Wilshire Blvd Suite 400,,Los Angeles,CA,,2134848850,www.bryancollege.edu,,405,12853,,90010,http://egis3.lacounty.gov/lms/?p=12853,publish,34.061719,-118.302716,2010/11/01 19:50:56+00,,,6469984.49921498,1844979.18433389
-118.201255055833,33.7643379677243,12037,HSIP Freedom CollegesUniversities,110501,Education,Colleges and Universities,,LA County,California State University-Chancellors Office,"Analytic Studies 401 Golden Shore, 6Th Floor",,Long Beach,CA,,5629514000,www.calstate.edu/,,0,12854,,90802,http://egis3.lacounty.gov/lms/?p=12854,publish,33.764338,-118.201255,2010/11/01 19:50:56+00,,,6500498.00971013,1736678.47442657
-118.437885056053,34.0739879667504,12038,HSIP Freedom CollegesUniversities,110662,Education,Colleges and Universities,,LA County,University Of California-Los Angeles,405 Hilgard Ave,,Los Angeles,CA,,3108254321,www.ucla.edu/,,37782,12855,,90095,http://egis3.lacounty.gov/lms/?p=12855,publish,34.073988,-118.437885,2010/11/01 19:50:56+00,,,6429064.53577948,1849594.88442007
-118.448706055659,34.1953429665321,12039,HSIP Freedom CollegesUniversities,111638,Education,Colleges and Universities,,LA County,Casa Loma College-Van Nuys,6850 Van Nuys Blvd Ste 300,,Van Nuys,CA,,8187852726,www.casalomacollege.edu,,667,12856,,91405,http://egis3.lacounty.gov/lms/?p=12856,publish,34.195343,-118.448706,2010/11/01 19:50:56+00,,,6425984.74896005,1893772.21929356
-118.264472056341,33.7594959675908,12040,HSIP Freedom CollegesUniversities,112516,Education,Colleges and Universities,,LA County,National Polytechnic College Of Science,272 S Fries Ave L  Los Angeles Harbor,,Wilmington,CA,,3108165700,www.natpoly.edu,,304,12857,,90744,http://egis3.lacounty.gov/lms/?p=12857,publish,33.759496,-118.264472,2010/11/01 19:50:56+00,,,6481278.33259839,1734960.84925289
-118.450116055857,34.2282219660127,12041,HSIP Freedom CollegesUniversities,112783,Education,Colleges and Universities,,LA County,Western Beauty Institute,8700 Van Nuys Blvd,,Panorama City,CA,,8188949550,wbi.edu,,644,12858,,91402,http://egis3.lacounty.gov/lms/?p=12858,publish,34.228222,-118.450116,2010/11/01 19:50:56+00,,,6425611.9573828,1905739.26753789
-117.803140056843,34.0633639668399,12042,HSIP Freedom CollegesUniversities,113607,Education,Colleges and Universities,,LA County,Devry University-California,901 Corporate Ctr Dr,,Pomona,CA,,9096228866,www.devry.edu,,6183,12859,,91768,http://egis3.lacounty.gov/lms/?p=12859,publish,34.063364,-117.80314,2010/11/01 19:50:56+00,,,6621293.64935197,1845498.16459514
-117.931397057442,33.9936889669259,12043,HSIP Freedom CollegesUniversities,114062,Education,Colleges and Universities,,LA County,Marinello Schools Of Beauty,1600 South Azusa Ave Ste 242,,City Of Industry,CA,,6269652532,www.marinello.com,,140,12860,,91748,http://egis3.lacounty.gov/lms/?p=12860,publish,33.993689,-117.931397,2010/11/01 19:50:56+00,,,6582465.55345188,1820090.75346781
-118.309832056063,34.181715966226,12044,HSIP Freedom CollegesUniversities,114071,Education,Colleges and Universities,,LA County,Marinello Schools Of Beauty,200 N. San Fernando Blvd,,Burbank,CA,,8189548894,www.marinello.com,,249,12861,,91502,http://egis3.lacounty.gov/lms/?p=12861,publish,34.181716,-118.309832,2010/11/01 19:50:56+00,,,6467963.8333088,1888654.67965989
-118.259323055785,34.0443749667361,12045,HSIP Freedom CollegesUniversities,114354,Education,Colleges and Universities,,LA County,The Fashion Institute Of Design & Merchandising-Los Angeles,919 S Grand Ave,,Los Angeles,CA,,2136241200,WWW.FIDM.EDU,,4800,12862,,90015,http://egis3.lacounty.gov/lms/?p=12862,publish,34.044375,-118.259323,2010/11/01 19:50:56+00,,,6483110.94245023,1838630.64355332
-118.291781056518,34.0617749672213,12046,HSIP Freedom CollegesUniversities,116040,Education,Colleges and Universities,,LA County,La College International,3200 Wilshire Blvd. #400,,Los Angeles,CA,,2133813333,www.lac.edu,,250,12863,,90010,http://egis3.lacounty.gov/lms/?p=12863,publish,34.061775,-118.291781,2010/11/01 19:50:56+00,,,6473296.51293214,1844989.76994264
-118.494672055829,34.0175509669157,12047,HSIP Freedom CollegesUniversities,116350,Education,Colleges and Universities,,LA County,Toni & Guy Hairdressing Academy,1358 5Th St,,Santa Monica,CA,,3104510101,toniguyacademy.com,,45,12864,,90401,http://egis3.lacounty.gov/lms/?p=12864,publish,34.017551,-118.494672,2010/11/01 19:50:56+00,,,6411766.64517847,1829136.37645264
-117.819189057367,34.1030349670921,12048,HSIP Freedom CollegesUniversities,116475,Education,Colleges and Universities,,LA County,Itt Technical Institute-San Dimas,650 W. Cienega Ave.,,San Dimas,CA,,9099712300,www.itt-tech.edu,,1010,12865,,91773,http://egis3.lacounty.gov/lms/?p=12865,publish,34.103035,-117.819189,2010/11/01 19:50:56+00,,,6616406.8966583,1859926.03862648
-118.471709055895,34.1292579662077,12049,HSIP Freedom CollegesUniversities,116846,Education,Colleges and Universities,,LA County,American Jewish University,15600 Mulholland Dr,,Los Angeles,CA,,3104769777,www.ajula.edu,,230,12866,,90077,http://egis3.lacounty.gov/lms/?p=12866,publish,34.129258,-118.471709,2010/11/01 19:50:56+00,,,6418915.9924283,1869754.79587181
-117.985447057081,33.9246379672263,12050,HSIP Freedom CollegesUniversities,117672,Education,Colleges and Universities,,LA County,Southern California University Of Health Sciences,16200 E Amber Valley Dr,,Whittier,CA,,5629478755,www.scuhs.edu,,181,12867,,90604,http://egis3.lacounty.gov/lms/?p=12867,publish,33.924638,-117.985447,2010/11/01 19:50:56+00,,,6566085.33490005,1794954.82736181
-118.570969055635,34.1830039665992,12051,HSIP Freedom CollegesUniversities,117706,Education,Colleges and Universities,,LA County,Los Angeles Pierce College,6201 Winnetka Ave,,Woodland Hills,CA,,8183476401,www.piercecollege.edu,,21832,12868,,91371,http://egis3.lacounty.gov/lms/?p=12868,publish,34.183004,-118.570969,2010/11/01 19:50:56+00,,,6388988.11560439,1889469.42967081
-118.517422056645,34.3821399660974,12052,HSIP Freedom CollegesUniversities,117751,Education,Colleges and Universities,,LA County,The Master'S College And Seminary,21726 Placerita Canyon Road,,Santa Clarita,CA,,6612593540,www.masters.edu,,1458,12869,,91321,http://egis3.lacounty.gov/lms/?p=12869,publish,34.38214,-118.517422,2010/11/01 19:50:56+00,,,6405555.60313864,1961850.07329506
-118.212135056333,34.0621569666995,12053,HSIP Freedom CollegesUniversities,117803,Education,Colleges and Universities,,LA County,Los Angeles County College Of Nursing And Allied Health,1237 N. Mission Rd.,,Los Angeles,CA,,3232264911,ladhs.org/wps/portal/CollegeofNursing,,309,12870,,90033,http://egis3.lacounty.gov/lms/?p=12870,publish,34.062157,-118.212135,2010/11/01 19:50:56+00,,,6497419.72223155,1845068.32063857
-118.219534055954,34.0275859672993,12054,HSIP Freedom CollegesUniversities,118356,Education,Colleges and Universities,,LA County,Marinello School Of Beauty,1241 S. Soto Street Suite #101,,Los Angeles,CA,,3239809253,www.marinello.com,,177,12871,,90023,http://egis3.lacounty.gov/lms/?p=12871,publish,34.027586,-118.219534,2010/11/01 19:50:56+00,,,6495151.26909131,1832492.09874381
-118.351873055863,33.961225966967,12055,HSIP Freedom CollegesUniversities,118374,Education,Colleges and Universities,,LA County,Marinello School Of Beauty,240 S Market St,,Inglewood,CA,,3106748100,www.marinello.com,,135,12872,,90301,http://egis3.lacounty.gov/lms/?p=12872,publish,33.961226,-118.351873,2010/11/01 19:50:56+00,,,6454967.9911903,1808456.44405931
-118.037344056776,33.9819719667728,12056,HSIP Freedom CollegesUniversities,118383,Education,Colleges and Universities,,LA County,Marinello School Of Beauty,6538 Greenleaf Ave,,Whittier,CA,,5626980068,www.marinello.com,,271,12873,,90601,http://egis3.lacounty.gov/lms/?p=12873,publish,33.981972,-118.037344,2010/11/01 19:50:56+00,,,6550348.87818405,1815821.69835764
-118.224650056345,34.1427419664834,12057,HSIP Freedom CollegesUniversities,118392,Education,Colleges and Universities,,LA County,Marinello School Of Beauty,2700 Colorado Blvd Ste 266,,Los Angeles,CA,,3232546226,www.marinello.com,,0,12874,,90041,http://egis3.lacounty.gov/lms/?p=12874,publish,34.142742,-118.22465,2010/11/01 19:50:56+00,,,6493694.77626939,1874402.87417406
-118.534922056169,34.2010689662333,12058,HSIP Freedom CollegesUniversities,118417,Education,Colleges and Universities,,LA County,Marinello School Of Beauty,18442 Sherman Way,,Reseda,CA,,8188812521,www.marinello.com,,86,12875,,91335,http://egis3.lacounty.gov/lms/?p=12875,publish,34.201069,-118.534922,2010/11/01 19:50:56+00,,,6399924.94478056,1895983.54525147
-118.396619056077,34.1835249668096,12059,HSIP Freedom CollegesUniversities,118426,Education,Colleges and Universities,,LA County,Marinello School Of Beauty,6219 Laurel Canyon Blvd,,North Hollywood,CA,,8189801300,www.marinello.com,,103,12876,,91606,http://egis3.lacounty.gov/lms/?p=12876,publish,34.183525,-118.396619,2010/11/01 19:50:56+00,,,6441718.4389493,1889405.23951048
-117.935698057173,34.0719869673149,12060,HSIP Freedom CollegesUniversities,118480,Education,Colleges and Universities,,LA County,Marinello School Of Beauty,118 Plaza Drive,,West Covina,CA,,6269621021,marinello.com,,116,12877,,91790,http://egis3.lacounty.gov/lms/?p=12877,publish,34.071987,-117.935698,2010/11/01 19:50:56+00,,,6581143.58726381,1848584.08099547
-118.396444056695,34.1826729662598,12061,HSIP Freedom CollegesUniversities,118967,Education,Colleges and Universities,,LA County,Kaplan College,6180 Laurel Cyn Blvd Ste 101,,North Hollywood,CA,,8187632563,kaplancollege.com,,1095,12878,,91606,http://egis3.lacounty.gov/lms/?p=12878,publish,34.182673,-118.396444,2010/11/01 19:50:56+00,,,6441770.14192988,1889094.97471106
-118.48047105623,34.0821119667949,12062,HSIP Freedom CollegesUniversities,119173,Education,Colleges and Universities,,LA County,Mount St Mary'S College,12001 Chalon Rd,,Los Angeles,CA,,3109544000,www.msmc.la.edu,,2358,12879,,90049,http://egis3.lacounty.gov/lms/?p=12879,publish,34.082112,-118.480471,2010/11/01 19:50:56+00,,,6416182.33811872,1852610.24125023
-118.526235055447,34.2010629668396,12063,HSIP Freedom CollegesUniversities,119359,Education,Colleges and Universities,,LA County,Everest College-Reseda,18040 Sherman Way Ste 400,,Reseda,CA,,8187740550,www.everest.edu/campus/reseda,,223,12880,,91335,http://egis3.lacounty.gov/lms/?p=12880,publish,34.201063,-118.526235,2010/11/01 19:50:56+00,,,6402551.61406788,1895967.49705523
-118.299051056102,34.0617399666733,12064,HSIP Freedom CollegesUniversities,119368,Education,Colleges and Universities,,LA County,Everest College-La Wilshire,3460 Wilshire Blvd Ste 500,,Los Angeles,CA,,2133889950,www.everest.edu/campus/la_wilshire,,188,12881,,90010,http://egis3.lacounty.gov/lms/?p=12881,publish,34.06174,-118.299051,2010/11/01 19:50:56+00,,,6471094.56425205,1844983.50387906
-118.292943056371,33.8924549672206,12065,HSIP Freedom CollegesUniversities,119456,Education,Colleges and Universities,,LA County,Everest College-Gardena,"1045 W. Redondo Beach Boulevard, Suite 275",,Gardena,CA,,3105277105,www.everest.edu/campus/gardena,,194,12882,,90247,http://egis3.lacounty.gov/lms/?p=12882,publish,33.892455,-118.292943,2010/11/01 19:50:56+00,,,6472764.99332589,1783371.91712873
-118.148322057109,34.0799329664981,12066,HSIP Freedom CollegesUniversities,119465,Education,Colleges and Universities,,LA County,Everest College-Alhambra,2215 Mission Rd,,Alhambra,CA,,6269794940,www.everest.edu/campus/alhambra,,776,12883,,91803,http://egis3.lacounty.gov/lms/?p=12883,publish,34.079933,-118.148322,2010/11/01 19:50:56+00,,,6516756.67830822,1851502.68670681
-118.362064056287,34.0630529669657,12067,HSIP Freedom CollegesUniversities,119827,Education,Colleges and Universities,,LA County,Marinello School Of Beauty,6111 Wilshire Boulevard,,Los Angeles,CA,,3239382005,marinello.com,,166,12884,,90048,http://egis3.lacounty.gov/lms/?p=12884,publish,34.063053,-118.362064,2010/11/01 19:50:56+00,,,6452011.15228772,1845524.08908398
-118.499469056162,34.2574799663703,12068,HSIP Freedom CollegesUniversities,119845,Education,Colleges and Universities,,LA County,Newberry School Of Beauty,16860 Devonshire Blvd,,Granada Hills,CA,,8183663211,,,187,12885,,91344,http://egis3.lacounty.gov/lms/?p=12885,publish,34.25748,-118.499469,2010/11/01 19:50:56+00,,,6410746.85161439,1916457.11782131
-117.751156057501,34.062341966853,12069,HSIP Freedom CollegesUniversities,120069,Education,Colleges and Universities,,LA County,North-West College-Pomona,134 W Holt Ave,,Pomona,CA,,9096231552,www.north-westcollege.com,,119,12886,,91768,http://egis3.lacounty.gov/lms/?p=12886,publish,34.062342,-117.751156,2010/11/01 19:50:56+00,,,6637039.02304488,1845161.14755264
-117.94986905668,34.0717639675495,12070,HSIP Freedom CollegesUniversities,120078,Education,Colleges and Universities,,LA County,North-West College-West Covina,2121 W Garvey Ave,,West Covina,CA,,6269605046,www.northwestcollege.com,,390,12887,,91790,http://egis3.lacounty.gov/lms/?p=12887,publish,34.071764,-117.949869,2010/11/01 19:50:56+00,,,6576852.07353714,1848500.48404981
-118.139358057175,34.1472009666723,12071,HSIP Freedom CollegesUniversities,120087,Education,Colleges and Universities,,LA County,North-West College-Pasadena,530 E Union,,Pasadena,CA,,6267965815,www.north-westcollege.com,,79,12888,,91101,http://egis3.lacounty.gov/lms/?p=12888,publish,34.147201,-118.139358,2010/11/01 19:50:56+00,,,6519505.01959631,1875978.85560215
-118.417093055674,33.9575449667652,12072,HSIP Freedom CollegesUniversities,120403,Education,Colleges and Universities,,LA County,Otis College Of Art And Design,9045 Lincoln Blvd,,Los Angeles,CA,,8005276847,www.otis.edu,,1206,12889,,90045,http://egis3.lacounty.gov/lms/?p=12889,publish,33.957545,-118.417093,2010/11/01 19:50:56+00,,,6435185.15575606,1807192.50892314
-118.150638055941,33.8892949671378,12073,HSIP Freedom CollegesUniversities,121008,Education,Colleges and Universities,,LA County,Marinello Schools Of Beauty,8527 Alondra Blvd Ste 129,,Paramount,CA,,5625311800,www.marinello.com,,197,12890,,90723,http://egis3.lacounty.gov/lms/?p=12890,publish,33.889295,-118.150638,2010/11/01 19:50:56+00,,,6515951.39973505,1782126.6269684
-118.29051105652,33.8517489674918,12074,HSIP Freedom CollegesUniversities,121381,Education,Colleges and Universities,,LA County,Westwood College-South Bay,"19700 S. Vermont Avenue, Suite 100",,Torrance,CA,,3105251258,www.westwood.edu,,620,12891,,90502,http://egis3.lacounty.gov/lms/?p=12891,publish,33.851749,-118.290511,2010/11/01 19:50:56+00,,,6473460.26555739,1768555.93068464
-118.490470056102,34.0099749670676,12075,HSIP Freedom CollegesUniversities,121628,Education,Colleges and Universities,,LA County,Pardee Rand Graduate School Of Policy Studies,1776 Main St,,Santa Monica,CA,,3103930411,www.prgs.edu,,115,12892,,90407,http://egis3.lacounty.gov/lms/?p=12892,publish,34.009975,-118.49047,2010/11/01 19:50:56+00,,,6413026.54160881,1826373.10999756
-118.082922056934,34.0804979673697,12076,HSIP Freedom CollegesUniversities,121992,Education,Colleges and Universities,,LA County,Rosemead Beauty School,8531 E Valley Blvd,,Rosemead,CA,,6262862146,,,170,12893,,91770,http://egis3.lacounty.gov/lms/?p=12893,publish,34.080498,-118.082922,2010/11/01 19:50:56+00,,,6536560.73253205,1851685.52229914
-118.289927056177,34.0662259670136,12077,HSIP Freedom CollegesUniversities,122117,Education,Colleges and Universities,,LA County,Dongguk Royal University,440 Shatto Pl,,Los Angeles,CA,,2134870110,www.dru.edu,,181,12894,,90020,http://egis3.lacounty.gov/lms/?p=12894,publish,34.066226,-118.289927,2010/11/01 19:50:56+00,,,6473862.71783647,1846607.9428874
-118.398360055735,33.7448759676242,12078,HSIP Freedom CollegesUniversities,122269,Education,Colleges and Universities,,LA County,Salvation Army Crestmont College,,,,CA,,,,,0,12895,,,http://egis3.lacounty.gov/lms/?p=12895,publish,33.744876,-118.39836,2010/11/01 19:50:56+00,,,6440559.26180571,1729774.42393023
-118.293016056493,34.0617649669965,12079,HSIP Freedom CollegesUniversities,122843,Education,Colleges and Universities,,LA County,Westwood College-Los Angeles,3250 Wilshire Blvd Ste 400,,Los Angeles,CA,,2137399999,www.westwood.edu,,1046,12896,,90010,http://egis3.lacounty.gov/lms/?p=12896,publish,34.061765,-118.293016,2010/11/01 19:50:56+00,,,6472922.45003197,1844987.21876664
-118.283858055951,34.0210579673441,12080,HSIP Freedom CollegesUniversities,123961,Education,Colleges and Universities,,LA County,University Of Southern California,University Park,,Los Angeles,CA,,2137402311,www.usc.edu/,,33747,12897,,90089,http://egis3.lacounty.gov/lms/?p=12897,publish,34.021058,-118.283858,2010/11/01 19:50:56+00,,,6475654.35861014,1830165.2415209
-118.22522805619,33.9862669667449,12081,HSIP Freedom CollegesUniversities,124681,Education,Colleges and Universities,,LA County,United Education Institute-Huntington Park Campus,6055 Pacific Blvd.,,Huntington Park,CA,,3232778000,,,4467,12898,,90255,http://egis3.lacounty.gov/lms/?p=12898,publish,33.986267,-118.225228,2010/11/01 19:50:56+00,,,6493392.29098196,1817459.12782556
-118.291872056173,33.9598399667974,12082,HSIP Freedom CollegesUniversities,124779,Education,Colleges and Universities,,LA County,Universal College Of Beauty Inc,8619 S. Vermont Ave,,Los Angeles,CA,,3237505750,,,30,12899,,90044,http://egis3.lacounty.gov/lms/?p=12899,publish,33.95984,-118.291872,2010/11/01 19:50:56+00,,,6473161.23662789,1807893.78901665
-118.254213056166,33.9367059670116,12085,HSIP Freedom CollegesUniversities,125301,Education,Colleges and Universities,,LA County,Maxine Waters Employment Preparation Center,10925 South  Central Ave,,Los Angeles,CA,,(323) 564 - 1431,,,2117,12900,,90059,http://egis3.lacounty.gov/lms/?p=12900,publish,33.936706,-118.254213,2013/04/25 11:23:03+00,,,6484559.86999856,1799443.82724206
-118.390738056025,34.0004319665538,12088,HSIP Freedom CollegesUniversities,125471,Education,Colleges and Universities,,LA County,West Los Angeles College,9000 Overland Avenue,,Culver City,CA,,3102874200,www.wlac.edu,,11612,12901,,90230,http://egis3.lacounty.gov/lms/?p=12901,publish,34.000432,-118.390738,2010/11/01 19:50:56+00,,,6443238.04647438,1822767.75664398
-118.370026056152,33.9462029666744,12089,HSIP Freedom CollegesUniversities,125480,Education,Colleges and Universities,,LA County,The University Of West Los Angeles,9920 S. La Cienega Blvd. #404,,Inglewood,CA,,3103425200,www.uwla.edu,,264,12902,,90301,http://egis3.lacounty.gov/lms/?p=12902,publish,33.946203,-118.370026,2010/11/01 19:50:56+00,,,6449443.15479906,1803009.05206698
-118.346633056644,34.0852919663467,12090,HSIP Freedom CollegesUniversities,126076,Education,Colleges and Universities,,LA County,Yeshiva Ohr Elchonon Chabad West Coast Talmudical Seminary,7215 Waring Ave,,Los Angeles,CA,,3239373763,,,121,12903,,90046,http://egis3.lacounty.gov/lms/?p=12903,publish,34.085292,-118.346633,2010/11/01 19:50:56+00,,,6456712.66552247,1853600.76190698
-118.52681725574,34.2367096266985,12091,HSIP Freedom CollegesUniversities,110608,Education,Colleges and Universities,,LA County,California State University-Northridge,18111 Nordhoff St,,Northridge,CA,,8186771200,www.csun.edu,,36208,12904,,91330,http://egis3.lacounty.gov/lms/?p=12904,publish,34.23670966,-118.5268172,2010/11/01 19:50:56+00,,,6402443.56343096,1908940.70470457
-118.538393555617,34.1795962668051,12092,HSIP Freedom CollegesUniversities,112570,Education,Colleges and Universities,,LA County,Columbia College Hollywood,18618 Oxnard St,,Tarzana,CA,,8183458414,WWW.COLUMBIACOLLEGE.EDU,,356,12905,,91356,http://egis3.lacounty.gov/lms/?p=12905,publish,34.1795963,-118.5383935,2010/11/01 19:50:56+00,,,6398833.41612372,1888174.95785031
-118.538931655335,34.1703436366033,12093,HSIP Freedom CollegesUniversities,368771,Education,Colleges and Universities,,LA County,Hypnosis Motivation Institute,18607 Ventura Blvd Ste 310,,Tarzana,CA,,8187582720,www.hypnosis.edu,,55,12906,,91356,http://egis3.lacounty.gov/lms/?p=12906,publish,34.17034367,-118.5389316,2010/11/01 19:50:56+00,,,6398652.61628847,1884808.67849365
-118.484700055894,34.0302999668969,12094,HSIP Freedom CollegesUniversities,114114,Education,Colleges and Universities,,LA County,Emperor'S College Of Traditional Oriental Medicine,"1807 Wilshire Blvd, Ste #200",,Santa Monica,CA,,3104538300,www.emperors.edu,,162,12907,,90403,http://egis3.lacounty.gov/lms/?p=12907,publish,34.0303,-118.4847,2010/11/01 19:50:56+00,,,6414810.87399814,1833761.21694048
-118.439436456259,34.0522636066692,12095,HSIP Freedom CollegesUniversities,109013,Education,Colleges and Universities,,LA County,American Intercontinental University,12655 West Jefferson Blvd,,Los Angeles,CA,,3103022000,la.aiuniv.edu/,,377,12908,,90066,http://egis3.lacounty.gov/lms/?p=12908,publish,34.05226364,-118.4394364,2010/11/01 19:50:56+00,,,6428560.1621163,1841691.09707806
-118.338331656078,34.062216316723,12096,HSIP Freedom CollegesUniversities,114044,Education,Colleges and Universities,,LA County,Elegance International,1622 N. Highland Ave,,Hollywood,CA,,3238718318,www.ei.edu,,43,12909,,90028,http://egis3.lacounty.gov/lms/?p=12909,publish,34.06221635,-118.3383316,2010/11/01 19:50:56+00,,,6459197.98732346,1845194.57563539
-118.389918255594,34.0326181470942,12097,HSIP Freedom CollegesUniversities,122287,Education,Colleges and Universities,,LA County,Samra University Of Oriental Medicine,"1730 W. Olympic Boulevard, 3Rd Floor",,Los Angeles,CA,,2133812221,SAMRA.EDU,,186,12910,,90015,http://egis3.lacounty.gov/lms/?p=12910,publish,34.03261818,-118.3899182,2010/11/01 19:50:56+00,,,6443531.96222514,1834479.90316714
-118.50151665598,34.169742916409,12098,HSIP Freedom CollegesUniversities,110307,Education,Colleges and Universities,,LA County,Phillips Graduate Institute,5445 Balboa Blvd,,Encino,CA,,8183865600,pgi.edu,,319,12911,,91316,http://egis3.lacounty.gov/lms/?p=12911,publish,34.16974295,-118.5015166,2010/11/01 19:50:56+00,,,6409968.83381347,1884531.49564905
-118.337081856141,34.1005999668727,12099,HSIP Freedom CollegesUniversities,119270,Education,Colleges and Universities,,LA County,Musicians Institute,1655 Mccadden,,Hollywood,CA,,3234621384,www.mi.edu,,1312,12912,,90028,http://egis3.lacounty.gov/lms/?p=12912,publish,34.1006,-118.3370818,2010/11/01 19:50:56+00,,,6459623.36212888,1859161.76456448
-118.282018256573,34.163463606402,12100,HSIP Freedom CollegesUniversities,115010,Education,Colleges and Universities,,LA County,Glendale Career College,1015 Grandview Ave,,Glendale,CA,,8189564915,www.success.edu,,150,12913,,91201,http://egis3.lacounty.gov/lms/?p=12913,publish,34.16346364,-118.2820182,2010/11/01 19:50:56+00,,,6476357.26074764,1881987.57586814
-118.266000056068,34.0325999666113,12101,HSIP Freedom CollegesUniversities,431956,Education,Colleges and Universities,,LA County,Virginia Sewing Machines And School Center,1033 S Broadway St,,Los Angeles,CA,,2137478292,,,68,12914,,90015,http://egis3.lacounty.gov/lms/?p=12914,publish,34.0326,-118.266,2010/11/01 19:50:56+00,,,6481076.87499605,1834350.78958023
-118.308894556696,34.0437523064281,12102,HSIP Freedom CollegesUniversities,120838,Education,Colleges and Universities,,LA County,Pacific States University,1516 S Western Ave,,Los Angeles,CA,,3237312383,www.psuca.edu,,194,12915,,90006,http://egis3.lacounty.gov/lms/?p=12915,publish,34.04375234,-118.3088945,2010/11/01 19:50:56+00,,,6468093.08436264,1838446.49136256
-118.272154556521,34.0562817869059,12103,HSIP Freedom CollegesUniversities,109721,Education,Colleges and Universities,,LA County,Associated Technical College,1670 Wilshire Blvd,,Los Angeles,CA,,2134136808,,,197,12916,,90017,http://egis3.lacounty.gov/lms/?p=12916,publish,34.05628182,-118.2721545,2010/11/01 19:50:56+00,,,6479235.50499114,1842974.02791114
-118.292281856266,34.0792363264501,12104,HSIP Freedom CollegesUniversities,109040,Education,Colleges and Universities,,LA County,American Career College,4021 Rosewood Avenue,,Los Angeles,CA,,3236687555,www.americancareer.com,,1711,12917,,90004,http://egis3.lacounty.gov/lms/?p=12917,publish,34.07923636,-118.2922818,2010/11/01 19:50:56+00,,,6473163.30978647,1851344.70670781
-118.309136456382,34.0788181466543,12105,HSIP Freedom CollegesUniversities,401223,Education,Colleges and Universities,,LA County,World Mission University,500 Shatto Pl Ste 600,,Los Angeles,CA,,2133852322,www.wmu.edu,,307,12918,,90020,http://egis3.lacounty.gov/lms/?p=12918,publish,34.07881818,-118.3091364,2010/11/01 19:50:56+00,,,6468059.04866955,1851207.79228348
-118.150493256369,34.0814853564814,12106,HSIP Freedom CollegesUniversities,123581,Education,Colleges and Universities,,LA County,Pinnacle College,"1000 South Fremont Avenue, Bldg A-11, Ste 11010",,Alhambra,CA,,6262840050,www.pinnaclecollege.edu,,64,12919,,91803,http://egis3.lacounty.gov/lms/?p=12919,publish,34.08148539,-118.1504932,2010/11/01 19:50:56+00,,,6516100.05987081,1852068.60749097
-118.14792035645,34.0562566965561,12107,HSIP Freedom CollegesUniversities,419688,Education,Colleges and Universities,,LA County,Newbridge College-Monterey Park,583 S Monterey Pass Rd,,Monterey Park,CA,,6265762444,www.newbridgecollege.edu,,20,12920,,91754,http://egis3.lacounty.gov/lms/?p=12920,publish,34.05625673,-118.1479203,2010/11/01 19:50:56+00,,,6516865.63872021,1842886.26791605
-118.124936456055,34.0132720871823,12108,HSIP Freedom CollegesUniversities,364566,Education,Colleges and Universities,,LA County,Montebello Beauty College,2201 W Whitier Blvd,,Montebello,CA,,3237277851,,,107,12921,,90640,http://egis3.lacounty.gov/lms/?p=12921,publish,34.01327212,-118.1249364,2010/11/01 19:50:56+00,,,6523807.95849697,1827233.88189806
-118.450327156229,34.2200834163033,12109,HSIP Freedom CollegesUniversities,377759,Education,Colleges and Universities,,LA County,Adelante Career Institute,"14547 Titus, Suite 100",,Van Nuys,CA,,8189089912,adelantecareerinstitute.com,,95,12922,,91402,http://egis3.lacounty.gov/lms/?p=12922,publish,34.22008345,-118.4503271,2010/11/01 19:50:56+00,,,6425534.8787968,1902777.81775214
-118.447648456504,34.201421056348,12110,HSIP Freedom CollegesUniversities,424008,Education,Colleges and Universities,,LA County,American Pacific College,"14435 Sherman Way, Suite 208",,Van Nuys,CA,,8187810001,www.apc.edu,,20,12923,,91405,http://egis3.lacounty.gov/lms/?p=12923,publish,34.20142109,-118.4476484,2010/11/01 19:50:56+00,,,6426314.40807764,1895982.69814031
-118.403754555851,34.1864636069852,12111,HSIP Freedom CollegesUniversities,124937,Education,Colleges and Universities,,LA County,Concorde Career College,12412 Victory Boulevard,,North Hollywood,CA,,8187668151,www.concorde.edu,,608,12924,,91606,http://egis3.lacounty.gov/lms/?p=12924,publish,34.18646364,-118.4037545,2010/11/01 19:50:56+00,,,6439564.71359797,1890483.24686889
-118.038000056655,34.0749999673769,12112,HSIP Freedom CollegesUniversities,121433,Education,Colleges and Universities,,LA County,Professional Institute Of Beauty,10801 E. Valley Mall,,El Monte,CA,,6264439401,www.pibschool.com,,92,12925,,91731,http://egis3.lacounty.gov/lms/?p=12925,publish,34.075,-118.038,2010/11/01 19:50:56+00,,,6550162.79784755,1849676.51417807
-117.990592256898,34.0801367374429,12113,HSIP Freedom CollegesUniversities,416458,Education,Colleges and Universities,,LA County,Premiere Career College,12901 Ramona Blvd,,Irwindale,CA,,6268142080,www.premierecollege.edu,,438,12926,,91706,http://egis3.lacounty.gov/lms/?p=12926,publish,34.08013677,-117.9905922,2010/11/01 19:50:56+00,,,6564519.11493538,1851543.84148015
-118.097901357154,34.1588593964972,12114,HSIP Freedom CollegesUniversities,108852,Education,Colleges and Universities,,LA County,American Academy Of Dramatic Arts-West,1336 N La Brea,,Los Angeles,CA,,3234642777,WWW.AADA.ORG,,188,12928,,90028,http://egis3.lacounty.gov/lms/?p=12928,publish,34.15885943,-118.0979013,2010/11/01 19:50:56+00,,,6532052.6283593,1880206.76578148
-117.7105941576,34.1061369472917,12115,HSIP Freedom CollegesUniversities,115409,Education,Colleges and Universities,,LA County,Harvey Mudd College,301 Platt Blvd.,,Claremont,CA,,9096218000,www.hmc.edu,,738,12929,,91711,http://egis3.lacounty.gov/lms/?p=12929,publish,34.10613698,-117.7105941,2010/11/01 19:50:56+00,,,6649278.2994193,1861131.79802598
-117.711336457449,34.1036545072724,12116,HSIP Freedom CollegesUniversities,123165,Education,Colleges and Universities,,LA County,Scripps College,1030 North Columbia Avenue,,Claremont,CA,,9096218000,www.scrippscollege.edu,,970,12930,,91711,http://egis3.lacounty.gov/lms/?p=12930,publish,34.10365454,-117.7113364,2010/11/01 19:50:56+00,,,6649056.18798688,1860227.74930914
-117.715256557531,34.1076017574742,12117,HSIP Freedom CollegesUniversities,124283,Education,Colleges and Universities,,LA County,Claremont School Of Theology,1325 N College Ave,,Claremont,CA,,9094472500,www.cst.edu,,383,12931,,91711,http://egis3.lacounty.gov/lms/?p=12931,publish,34.10760179,-117.7152565,2010/11/01 19:50:56+00,,,6647865.40723197,1861660.83666606
-117.77638795737,34.0536161475331,12118,HSIP Freedom CollegesUniversities,372082,Education,Colleges and Universities,,LA County,Pomona Unified School District Adult And Career Education,1515 W Mission Blvd,,Pomona,CA,,9094692333,www.pusd.org,,3180,12932,,91766,http://egis3.lacounty.gov/lms/?p=12932,publish,34.05361618,-117.7763879,2010/11/01 19:50:56+00,,,6629403.98221263,1841967.70052747
-118.333403655655,33.7346302073683,12119,HSIP Freedom CollegesUniversities,118541,Education,Colleges and Universities,,LA County,Marymount College,30800 Palos Verdes Dr. East,,Rancho Palos Verdes,CA,,3103775501,www.marymountpv.edu,,617,12933,,90275,http://egis3.lacounty.gov/lms/?p=12933,publish,33.73463024,-118.3334036,2010/11/01 19:50:56+00,,,6460295.13112655,1725973.81899865
-118.192970156083,33.775797267599,12120,HSIP Freedom CollegesUniversities,428125,Education,Colleges and Universities,,LA County,John Wesley International Barber And Beauty College,717 Pine Ave,,Long Beach,CA,,5624357060,johnwesleybarberandbeauty.com,,58,12934,,90813,http://egis3.lacounty.gov/lms/?p=12934,publish,33.7757973,-118.1929701,2010/11/01 19:50:56+00,,,6503024.24350281,1740843.89752614
-118.135962355855,33.7857702076461,12121,HSIP Freedom CollegesUniversities,110176,Education,Colleges and Universities,,LA County,Brooks College,4825 E. Pacific Coast Hwy,,Long Beach,CA,,5625976611,www.brookscollege.edu,,32,12935,,90804,http://egis3.lacounty.gov/lms/?p=12935,publish,33.78577024,-118.1359623,2010/11/01 19:50:56+00,,,6520354.54217547,1744444.9818594
-118.112299656039,33.7827520373575,12122,HSIP Freedom CollegesUniversities,110583,Education,Colleges and Universities,,LA County,California State University-Long Beach,1250 Bellflower Blvd,,Long Beach,CA,,5629854111,www.csulb.edu,,37891,12936,,90840,http://egis3.lacounty.gov/lms/?p=12936,publish,33.78275207,-118.1122996,2010/11/01 19:50:56+00,,,6527543.8578493,1743337.70618682
-118.193254556008,33.9786272366638,12123,HSIP Freedom CollegesUniversities,113227,Education,Colleges and Universities,,LA County,Cynthias Beauty Academy,4130 E Gage Ave,,Bell,CA,,3235602207,,,116,12937,,90201,http://egis3.lacounty.gov/lms/?p=12937,publish,33.97862727,-118.1932545,2010/11/01 19:50:56+00,,,6503079.7237068,1814658.69871515
-118.171754556313,33.9300454272211,12124,HSIP Freedom CollegesUniversities,400637,Education,Colleges and Universities,,LA County,Career Colleges Of America,5612 E Imperial Hwy,,South Gate,CA,,5628618702,careercolleges.org,,1087,12938,,90280,http://egis3.lacounty.gov/lms/?p=12938,publish,33.93004546,-118.1717545,2010/11/01 19:50:56+00,,,6509567.84524497,1796966.91520114
-118.125036456358,33.8843908774567,12125,HSIP Freedom CollegesUniversities,108977,Education,Colleges and Universities,,LA County,American Beauty College,16512 Bellflower Blvd,,Bellflower,CA,,5628660728,,,41,12939,,90706,http://egis3.lacounty.gov/lms/?p=12939,publish,33.88439091,-118.1250364,2010/11/01 19:50:56+00,,,6523719.31169264,1780331.2585119
-118.098622056316,33.8711308469285,12126,HSIP Freedom CollegesUniversities,393649,Education,Colleges and Universities,,LA County,American Auto Institute,17522 Studebaker Rd,,Cerritos,CA,,5624032660,americanautoinstitute.com,,78,12940,,90703,http://egis3.lacounty.gov/lms/?p=12940,publish,33.87113088,-118.098622,2010/11/01 19:50:56+00,,,6531731.86718981,1775496.69600256
-118.567303155741,34.3933370063013,12127,HSIP Freedom CollegesUniversities,111081,Education,Colleges and Universities,,LA County,California Institute Of The Arts,24700 W Mcbean Pky,,Valencia,CA,,6612551050,www.calarts.edu,,1374,12941,,91355,http://egis3.lacounty.gov/lms/?p=12941,publish,34.39333704,-118.5673031,2010/11/01 19:50:56+00,,,6390528.80609256,1966006.03775215
-118.14866415701,34.6956460463103,12128,HSIP Freedom CollegesUniversities,117238,Education,Colleges and Universities,,LA County,Lancaster Beauty School,44646 N 10Th St W,,Lancaster,CA,,6619481672,,,170,12942,,93534,http://egis3.lacounty.gov/lms/?p=12942,publish,34.69564608,-118.1486641,2010/11/01 19:50:56+00,,,6516984.47575289,2075573.84847173
-117.705938957195,34.1034084370307,12129,HSIP Freedom CollegesUniversities,121257,Education,Colleges and Universities,,LA County,Pitzer College,1050 North Mills Avenue,,Claremont,CA,,9096218000,www.pitzer.edu,,1025,12943,,91711,http://egis3.lacounty.gov/lms/?p=12943,publish,34.10340847,-117.7059389,2010/11/01 19:50:56+00,,,6650690.40683131,1860142.93648665
-118.454789656113,34.2008521268204,12130,HSIP Freedom CollegesUniversities,439701,Education,Colleges and Universities,,LA County,King'S College And Seminary,14800 Sherman Way,,Van Nuys,CA,,8187798040,www.kingsseminary.edu,,470,12944,,91405,http://egis3.lacounty.gov/lms/?p=12944,publish,34.20085216,-118.4547896,2010/11/01 19:50:56+00,,,6424154.19389413,1895785.34945364
-118.340691855991,34.2092262767119,12131,HSIP Freedom CollegesUniversities,125897,Education,Colleges and Universities,,LA County,Woodbury University,7500 Glenoaks Blvd,,Burbank,CA,,8187670888,www.woodbury.edu,,1541,12945,,91510,http://egis3.lacounty.gov/lms/?p=12945,publish,34.20922631,-118.3406918,2010/11/01 19:50:56+00,,,6458664.47198631,1898696.32263431
-118.184835856829,34.6754058762432,12132,HSIP Freedom CollegesUniversities,442930,Education,Colleges and Universities,,LA County,Antelope Valley Medical College,44201 10Th St West,,Lancaster,CA,,6617261911,avmc.edu,,579,12946,,93534,http://egis3.lacounty.gov/lms/?p=12946,publish,34.67540591,-118.1848358,2010/11/01 19:50:56+00,,,6506098.35874563,2068225.88121231
-118.415655456073,33.9706331070899,12133,HSIP Freedom CollegesUniversities,117946,Education,Colleges and Universities,,LA County,Loyola Marymount University,One Lmu Drive,,Los Angeles,CA,,3103382700,www.lmu.edu,,9011,12947,,90045,http://egis3.lacounty.gov/lms/?p=12947,publish,33.97063314,-118.4156554,2010/11/01 19:50:56+00,,,6435640.80707572,1811953.71692039
-118.259316556084,33.8652398273794,12134,HSIP Freedom CollegesUniversities,110547,Education,Colleges and Universities,,LA County,California State University-Dominguez Hills,1000 E Victoria St,,Carson,CA,,3102433300,www.csudh.edu,,12842,12948,,90747,http://egis3.lacounty.gov/lms/?p=12948,publish,33.86523986,-118.2593165,2010/11/01 19:50:56+00,,,6482944.73280889,1773439.66927673
-118.017342356474,33.9048230869593,12135,HSIP Freedom CollegesUniversities,110097,Education,Colleges and Universities,,LA County,Biola University,13800 Biola Ave,,La Mirada,CA,,5629036000,www.biola.edu,,5893,12949,,90639,http://egis3.lacounty.gov/lms/?p=12949,publish,33.90482312,-118.0173423,2010/11/01 19:50:56+00,,,6556407.88214214,1787743.87262364
-118.291527056204,34.0813946767807,12136,HSIP Freedom CollegesUniversities,112312,Education,Colleges and Universities,,LA County,Cleveland Chiropractic College Of Los Angeles,590 N Vermont Ave,,Los Angeles,CA,,3236606166,WWW.CLEVELAND.EDU,,346,12950,,90004,http://egis3.lacounty.gov/lms/?p=12950,publish,34.08139471,-118.291527,2010/11/01 19:50:56+00,,,6473394.1511883,1852129.50435081
-118.288375456333,34.0615582470538,12137,HSIP Freedom CollegesUniversities,123970,Education,Colleges and Universities,,LA County,Southwestern Law School,3050 Wilshire Boulevard,,Los Angeles,CA,,2137386700,http://www.swlaw.edu,,1044,12951,,90010,http://egis3.lacounty.gov/lms/?p=12951,publish,34.06155828,-118.2883754,2013/07/23 11:45:08+00,,,6474327.76251005,1844907.92496198
-118.028401957113,33.977624566883,12138,HSIP Freedom CollegesUniversities,125763,Education,Colleges and Universities,,LA County,Whittier College,13406 E Philadelphia Street,,Whittier,CA,,5629074205,WWW.whittier.edu,,1895,12952,,90601,http://egis3.lacounty.gov/lms/?p=12952,publish,33.9776246,-118.0284019,2010/11/01 19:50:56+00,,,6553059.37670006,1814238.70185173
-117.885265756795,34.1354866569747,12139,HSIP Freedom CollegesUniversities,112172,Education,Colleges and Universities,,LA County,Citrus College,1000 W Foothill Blvd,,Glendora,CA,,6269630323,www.citruscollege.edu,,13501,12953,,91741,http://egis3.lacounty.gov/lms/?p=12953,publish,34.13548669,-117.8852657,2010/11/01 19:50:56+00,,,6596390.15388347,1871706.39367464
-117.830996756796,34.0894212669366,12140,HSIP Freedom CollegesUniversities,117104,Education,Colleges and Universities,,LA County,Life Pacific College,1100 W. Covina Blvd.,,San Dimas,CA,,9095995433,www.lifepacific.edu,,449,12954,,91773,http://egis3.lacounty.gov/lms/?p=12954,publish,34.0894213,-117.8309967,2010/11/01 19:50:56+00,,,6612840.70792456,1854965.54428239
-117.772634557537,34.1008604471353,12141,HSIP Freedom CollegesUniversities,117140,Education,Colleges and Universities,,LA County,University Of La Verne,1950 Third St,,La Verne,CA,,9095933511,www.ulv.edu,,7331,12955,,91750,http://egis3.lacounty.gov/lms/?p=12955,publish,34.10086048,-117.7726345,2010/11/01 19:50:56+00,,,6630502.02004281,1859163.30786848
-117.706592757696,34.1023225575581,12142,HSIP Freedom CollegesUniversities,112260,Education,Colleges and Universities,,LA County,Claremont Mckenna College,500 E 9Th St,,Claremont,CA,,9096218000,www.claremontmckenna.edu/,,1212,12956,,91711,http://egis3.lacounty.gov/lms/?p=12956,publish,34.10232259,-117.7065927,2010/11/01 19:50:56+00,,,6650493.63819598,1859747.18793431
-117.711944257798,34.0982982373485,12143,HSIP Freedom CollegesUniversities,121345,Education,Colleges and Universities,,LA County,Pomona College,550 N College Ave Alexander Hall,,Claremont,CA,,9096218131,www.pomona.edu,,1532,12957,,91711,http://egis3.lacounty.gov/lms/?p=12957,publish,34.09829827,-117.7119442,2010/11/01 19:50:56+00,,,6648877.77791063,1858277.9825394
-117.712393857704,34.1037781568843,12144,HSIP Freedom CollegesUniversities,112251,Education,Colleges and Universities,,LA County,Claremont Graduate University,150 E Tenth St,,Claremont,CA,,9096218000,www.cgu.edu,,2045,12958,,91711,http://egis3.lacounty.gov/lms/?p=12958,publish,34.10377819,-117.7123938,2010/11/01 19:50:56+00,,,6648735.9579843,1860271.82992965
-117.747732257147,34.0580915877322,12145,HSIP Freedom CollegesUniversities,112525,Education,Colleges and Universities,,LA County,Western University Of Health Sciences,309 E 2Nd St,,Pomona,CA,,9096236116,www.westernu.edu,,2360,12959,,91766,http://egis3.lacounty.gov/lms/?p=12959,publish,34.05809162,-117.7477322,2010/11/01 19:50:56+00,,,6638079.88743298,1843616.94230773
-118.16091675716,34.1515247565261,12146,HSIP Freedom CollegesUniversities,120768,Education,Colleges and Universities,,LA County,Pacific Oaks College,5 Westmoreland Pl,,Pasadena,CA,,6263971300,www.pacificoaks.edu,,738,12960,,91103,http://egis3.lacounty.gov/lms/?p=12960,publish,34.15152479,-118.1609167,2010/11/01 19:50:56+00,,,6512984.56544563,1877562.10243565
-118.140261457036,34.1477803971425,12147,HSIP Freedom CollegesUniversities,114840,Education,Colleges and Universities,,LA County,Fuller Theological Seminary In California,135 N Oakland Ave,,Pasadena,CA,,6265845200,www.fuller.edu,,2957,12961,,91182,http://egis3.lacounty.gov/lms/?p=12961,publish,34.14778043,-118.1402614,2010/11/01 19:50:56+00,,,6519231.97388256,1876190.10091457
-118.125739856396,34.1392752966743,12148,HSIP Freedom CollegesUniversities,110404,Education,Colleges and Universities,,LA County,California Institute Of Technology,1200 E California Blvd,,Pasadena,CA,,6263956811,www.caltech.edu,,2133,12962,,91125,http://egis3.lacounty.gov/lms/?p=12962,publish,34.13927533,-118.1257398,2010/11/01 19:50:56+00,,,6523621.84469597,1873089.1281139
-118.210782856465,34.1262238668839,12149,HSIP Freedom CollegesUniversities,120254,Education,Colleges and Universities,,LA County,Occidental College,1600 Campus Rd,,Los Angeles,CA,,3232592500,www.oxy.edu,,1868,12963,,90041,http://egis3.lacounty.gov/lms/?p=12963,publish,34.1262239,-118.2107828,2010/11/01 19:50:56+00,,,6497878.16094722,1868382.55911498
-118.70767685548,34.0419118868678,12150,HSIP Freedom CollegesUniversities,121150,Education,Colleges and Universities,,LA County,Pepperdine University,24255 Pacific Coast Hwy,,Malibu,CA,,3105064000,www.pepperdine.edu/,,7170,12964,,90263,http://egis3.lacounty.gov/lms/?p=12964,publish,34.04191192,-118.7076768,2010/11/01 19:50:56+00,,,6347281.73149763,1838387.62763515
-118.232702756117,34.0436496271092,12151,HSIP Freedom CollegesUniversities,123952,Education,Colleges and Universities,,LA County,Southern California Institute Of Architecture,960 E. 3Rd Street,,Los Angeles,CA,,2136132200,www.sciarc.edu,,495,12965,,90013,http://egis3.lacounty.gov/lms/?p=12965,publish,34.04364966,-118.2327027,2010/11/01 19:50:56+00,,,6491174.67763506,1838346.94202098
-118.451253555619,34.0185564466655,12152,HSIP Freedom CollegesUniversities,432533,Education,Colleges and Universities,,LA County,The Art Institute Of California-Los Angeles,2900 31St St,,Santa Monica,CA,,3107524700,www.aila.artinstitutes.edu/,,2209,12966,,90405,http://egis3.lacounty.gov/lms/?p=12966,publish,34.01855648,-118.4512535,2010/11/01 19:50:56+00,,,6424925.58670831,1829440.37814122
-117.88795005668,34.130865097039,12153,HSIP Freedom CollegesUniversities,109785,Education,Colleges and Universities,,LA County,Azusa Pacific University,901 E Alosta,,Azusa,CA,,6269693434,www.apu.edu,,8501,12967,,91702,http://egis3.lacounty.gov/lms/?p=12967,publish,34.13086513,-117.88795,2010/11/01 19:50:56+00,,,6595579.73129173,1870023.60767014
-118.172146956347,33.7901251371715,56568,211,,Education,Colleges and Universities,,www.lbcc.edu,Long Beach City College - Pacific Coast Campus,1305 E Pacific Coast Hwy,,Long Beach,CA,,"Disabled Student Services Service/Intake (562) 938-3921, Senior Studies Center Service/Intake (562) 938-3048, Admissions Office Service/Intake (562) 938-4485, Info for GED/CalWORKs Office Service/Intake (562) 938-3251, CalWORKs Office Service/Intake (562)",www.lbcc.edu,,,58466,"The campus offers employment services, post-secondary education and services for older adults who are age 18 and older or who have a high school diploma.",90806,http://egis3.lacounty.gov/lms/?p=58466,publish,33.79012517,-118.1721469,2013/06/01 11:50:56+00,,,6509361.60451572,1746046.71159557
-118.209656055713,33.8743979673165,56931,211,,Education,Colleges and Universities,,www.compton.edu,El Camino Compton Community Educational Center,1111 E. Artesia Blvd.,,Compton,CA,,"Disabled Student Services Service/Intake (310) 900-1600 Ext.2402, CalWORKs Office Service/Intake (310) 900-1600 Ext.2072, Abel B. Sykes Child Development Center Service/Intake (310) 900-1600 Ext.2902,  Service/Intake (310) 900-1600",www.compton.edu,,,58697,The center provides post-secondary education and business services for people in Los Angeles county.,90221,http://egis3.lacounty.gov/lms/?p=58697,publish,33.874398,-118.209656,2013/06/01 11:50:56+00,,,6498028.03433514,1776737.36379682
-118.148583056407,34.0394679668777,57273,211,,Education,Colleges and Universities,,www.elac.edu,East Los Angeles College,1301 Avenida Cesar Chavez,,Monterey Park,CA,"SITE HOURS: Monday through Saturday during daytime hours; class hours vary. ","Job Developer-Gina Chelstrom Service/Intake (323) 265-8970, Basic Skills/ESL Service/Intake (323) 265-8332, Disabled Student Services Service/Intake (323) 265-8787, CalWORKs Service/Intake (323) 260-8610, Admission Application Info Information Only (323) ",www.elac.edu,,,58945,The college offers post-secondary education and business services for residents of Los Angeles county.,91754,http://egis3.lacounty.gov/lms/?p=58945,publish,34.039468,-118.148583,2013/06/01 11:50:56+00,,,6516655.8776568,1836776.82409823
-118.116503857142,34.1453636171506,57275,211,,Education,Colleges and Universities,,www.pasadena.edu,Pasadena City College,1570 E Colorado Blvd,,Pasadena,CA,"Monday through Friday, 7:00am to 10:00pm.  Class times vary. ","Disabled Student Services Service/Intake (626) 585-7127, CalWORKs Office Service/Intake (626) 585-7029 Ext.7029, Public Relations Service/Intake (626) 585-7315,  Administrative (626) 585-7060,  Service/Intake and Administration (626) 585-7123, Admissions ",www.pasadena.edu,,,58947,"The college provides business services, employment services, post-secondary education and WIA programs for people in Los Angeles county.",91106,http://egis3.lacounty.gov/lms/?p=58947,publish,34.14536365,-118.1165038,2013/06/01 11:50:56+00,,,6526419.19671281,1875301.41043472
-118.291917055755,34.0868719668959,57283,211,,Education,Colleges and Universities,,www.lacitycollege.edu,Los Angeles City College,855 N. Vermont Ave.,,Los Angeles,CA,,"Service/Intake and Administration (323) 953-4000, Financial Aid Office Service/Intake (323) 953-4000 Ext.2025, Disabled Student Services Service/Intake (323) 953-4000 Ext.2270,  FAX (323) 953-4013,  TDD (323) 667-0812",www.lacitycollege.edu,,,58951,"The college provides business services, post-secondary education, welfare-to-work and WIA programs for people in the Los Angeles County.",90029,http://egis3.lacounty.gov/lms/?p=58951,publish,34.086872,-118.291917,2013/06/01 11:50:56+00,,,6473281.84596673,1854123.12831631
-118.420067056544,34.3145049662846,57284,211,,Education,Colleges and Universities,,www.lamission.edu,Los Angeles Mission College,13356 Eldridge Ave.,,Sylmar,CA,,"Financial Aid Office Service/Intake (818) 364-7648, Disabled Student Services Service/Intake (818) 364-7732,  TDD (818) 364-7861, Community Education and Professional Development Service/Intake (818) 833-3417,  FAX (818) 364-7806,  Service/Intake (818) 36",www.lamission.edu,,,58952,"The college provides employment services, immigration services, post-secondary education and WIA programs for people who live, primarily, in the northeast San Fernando Valley.",91342,http://egis3.lacounty.gov/lms/?p=58952,publish,34.314505,-118.420067,2013/06/01 11:50:56+00,,,6434826.15483363,1937099.64018448
-118.470390056178,34.0188749671414,57289,211,,Education,Colleges and Universities,,www.smc.edu,Santa Monica Community College District,1900 Pico Blvd.,,Santa Monica,CA,,"Disabled Student Services Service/Intake (310) 434-4265, CalWORKs Office Service/Intake (310) 434-4082, Emeritus College Office Service/Intake (310) 434-4306, Workforce and Economic Development Office Service/Intake (310) 434-3566,  Administrative (310) 4",www.smc.edu,,,58956,"The college provides employment services, post-secondary education and services for older adults.",90405,http://egis3.lacounty.gov/lms/?p=58956,publish,34.018875,-118.47039,2013/06/01 11:50:56+00,,,6419127.17770147,1829582.8781843
-118.281830055712,33.7852779677567,57292,211,,Education,Colleges and Universities,,www.lahc.edu,Los Angeles Harbor College,1111 Figueroa Pl.,,Wilmington,CA,"SITE HOURS: Monday through Friday, 8:00am to 6:00pm. ","Disabled Student Services Service/Intake (310) 233-4620, Financial Aid Office Service/Intake (310) 233-4320,  Service/Intake (310) 233-4000",www.lahc.edu,,,58959,"The college provides post-secondary education, adult education, and recreational programs for residents of California who have high school diplomas or who are age 18 or older.",90744,http://egis3.lacounty.gov/lms/?p=58959,publish,33.785278,-118.28183,2013/06/01 11:50:56+00,,,6476028.31258664,1744357.95906757
-118.135638056774,33.8343049669729,57293,211,,Education,Colleges and Universities,,www.lbcc.edu,Long Beach City College - Liberal Arts Campus,4901 E. Carson St.,,Long Beach,CA,,"Admissions - Liberal Arts Campus Service/Intake (562) 938-4136,  TDD (562) 938-4833, Main Switchboard Service/Intake (562) 938-4111, Financial Aid Office - Liberal Arts Campus Service/Intake (562) 938-4257, Disabled Student Services Service/Intake (562) 9",www.lbcc.edu,,,58960,The college provides post-secondary education.,90808,http://egis3.lacounty.gov/lms/?p=58960,publish,33.834305,-118.135638,2013/06/01 11:50:56+00,,,6520476.92283621,1762107.93833131
-118.038421056983,34.0190649672272,57311,211,,Education,Colleges and Universities,,www.riohondo.edu,Rio Hondo Community College District,3600 Workman Mill Rd.,,Whittier,CA,,"CalWORKs Office Service/Intake (562) 463-7311,  Service/Intake and Administration (562) 692-0921, General Information Service/Intake (562) 692-0921, Admissions Service/Intake (562) 908-3415",www.riohondo.edu,,,58972,"The community college provides adult education, employment services, and post-secondary education.",90601,http://egis3.lacounty.gov/lms/?p=58972,publish,34.019065,-118.038421,2013/06/01 11:50:56+00,,,6550027.52679263,1829320.72385298
-117.844882057034,34.0416839674625,57313,211,,Education,Colleges and Universities,,www.mtsac.edu,Mt. San Antonio Community College District,1100 N. Grand Ave.,,Walnut,CA,Extended hours are offered for student services. ,"Service/Intake and Administration (909) 594-5611, Disablity Student Services Service/Intake (909) 274-4290, CalWORKs Office Service/Intake (909) 274-4755, Career Placement Service/Intake (909) 274-4510, Single Parent Academy Service/Intake (909) 274-4392,",www.mtsac.edu,,,58974,"The community college provides business services, employment services and post-secondary education for people who live in Los Angeles County.",91789,http://egis3.lacounty.gov/lms/?p=58974,publish,34.041684,-117.844882,2013/06/01 11:50:56+00,,,6608663.36654171,1837586.26506464
-118.097473056701,33.8874259675372,57316,211,,Education,Colleges and Universities,,www.cerritos.edu,Cerritos Community College District,11110 Alondra Blvd.,,Norwalk,CA,"SITE HOURS: Monday through Friday, 8:00am to 8:00pm. ","Job Placement Service/Intake (562) 860-2451 Ext.2366, Career Services Service/Intake (562) 860-2451 Ext.2356, Disabled Student Services Service/Intake (562) 860-2451 Ext.2333, CalWORKs Service/Intake (562) 860-2451 Ext.2593, Admissions/Records Service/Int",www.cerritos.edu,,,58976,"The community college provides employment services, immigration services, post-secondary education and WIA programs for people who live, primarily, within the school district which includes Downey, Norwalk, Lakewood, Hawaiian Gardens, Bellflower, Cerritos, Artesia and La Mirada as well as adjacent areas of South East Los Angeles County.",90650,http://egis3.lacounty.gov/lms/?p=58976,publish,33.887426,-118.097473,2013/06/01 11:50:56+00,,,6532086.41667755,1781426.54044206
-118.326763056,33.8855319671582,57317,211,,Education,Colleges and Universities,,www.elcamino.edu,El Camino Community College District,16007 Crenshaw Blvd.,,Torrance,CA,Classes are available during both day and evening hours and on weekends. ,"(866) ELCAMINO Service/Intake (866) 352-2646,  Service/Intake and Administration (310) 532-3670",www.elcamino.edu,,,58977,"The community college provides post-secondary education and vocational courses for residents of Compton, Hawthorne, Hermosa Beach, Inglewood, El Segundo, Lawndale, Lennox, Manhattan Beach, Redondo Beach, and Torrance.",90506,http://egis3.lacounty.gov/lms/?p=58977,publish,33.885532,-118.326763,2013/06/01 11:50:56+00,,,6462492.79799105,1780884.1255164
-118.573438756163,34.4058310457534,58194,211,,Education,Colleges and Universities,,www.canyons.edu,Santa Clarita Community College District,26455 Rockwell Canyon Rd,,Santa Clarita,CA,"Monday through Thursday, 7:30am to 10:00pm; Friday, 7:30am to 9:00pm; and Saturday, 7:00am to 3:00pm. ","Disabled Student Services Service/Intake (661) 632-3341,  TDD (661) 255-7967,  FAX (661) 362-3043, CalWORKs Service/Intake (661) 362-3279,  Service/Intake (661) 259-7800",www.canyons.edu,,,59695,"The district administers adult education, employment services and post-secondary education for adults age 18 and older and high school graduates of any age who live in the northern area of Los Angeles County including Canyon Country, Newhall, Saugus, and Valencia.",91355,http://egis3.lacounty.gov/lms/?p=59695,publish,34.40583108,-118.5734387,2013/06/01 11:50:56+00,,,6388703.80383706,1970563.29799455
-118.184371057144,34.6749869661748,58290,211,,Education,Colleges and Universities,,www.avc.edu,Antelope Valley Community College District,3041 W. Ave. K,,Lancaster,CA,,"Disabled Student Services Service/Intake (661) 722-6360, Job Placement Center Service/Intake (661) 722-6358, Admissions Service/Intake and Administration (661) 722-6504,  Service/Intake and Administration (661) 722-6300, CalWORKs Service/Intake (661) 722-",www.avc.edu,,,59779,"The district provides employment services, post-secondary education and Welfare-To-Work services for Antelope Valley residents.",93536,http://egis3.lacounty.gov/lms/?p=59779,publish,34.674987,-118.184371,2013/06/01 11:50:56+00,,,6506237.8236898,2068073.17088781
-118.229493056274,34.1675419663145,58953,211,,Education,Colleges and Universities,,www.glendale.edu,Glendale Community College District,1500 N. Verdugo Rd.,,Glendale,CA,"Monday through Friday,  8:30 to 4:30pm. ","FAX (818) 549-9436,  Service/Intake (818) 240-1000, CalWORKs Office Service/Intake (818) 240-1000 Ext.5508, Disabled Student Services Service/Intake (818) 240-1000 Ext.5905, Financial Aid Office Service/Intake (818) 240-1000 Ext.5916,  TDD (818) 240-1345",www.glendale.edu,,,60292,"The program provides business services, employment services, and post-secondary education.",91208,http://egis3.lacounty.gov/lms/?p=60292,publish,34.167542,-118.229493,2013/06/01 11:50:56+00,,,6492249.96846347,1883431.33315122
-118.243219055839,33.9247159668317,59539,211,,Education,Colleges and Universities,,www.cdrewu.edu/,Charles R. Drew University Of Medicine And Science,1731 E. 120th St.,,Los Angeles,CA,,"Financial Aid Office Service/Intake (323) 563-4824, Admissions - College of Medicine Service/Intake (323) 563-4838, Admissions - College of Science and Health Service/Intake (323) 563-5886, Main Number Service/Intake (323) 563-4800, Monica Des Noyers - Sm",www.cdrewu.edu/,,,60794,The university provides post-secondary education in medicine and health sciences in Los Angeles County.,90059,http://egis3.lacounty.gov/lms/?p=60794,publish,33.924716,-118.243219,2013/06/01 11:50:56+00,,,6487884.11695898,1795072.15914814
-118.304771056484,33.9308399673341,60071,211,,Education,Colleges and Universities,,www.lasc.edu,Los Angeles Southwest College,1600 W. Imperial Hwy.,,Los Angeles,CA,"Monday through Friday, 8:00am to 4:30pm.  Class hours vary. ","Financial Aid Office Service/Intake (323) 241-5338,  TDD (323) 241-5482, Admissions &amp; Registration Service/Intake (323) 241-5321, Disabled Students Programs and Services Service/Intake and Administration (323) 241-5480, Community Services Program Serv",www.lasc.edu,,,61211,This is a two year community college which provides academic and vocational education courses and programs for California residents who are high school graduates or who are age 18 or older.,90047,http://egis3.lacounty.gov/lms/?p=61211,publish,33.93084,-118.304771,2013/06/01 11:50:56+00,,,6469217.67594548,1797351.71003523
-118.422330056328,34.17585696655,60904,211,,Education,Colleges and Universities,,www.lavc.cc.ca.us,Los Angeles Valley College,5800 Fulton Ave.,,Valley Glen,CA,"SITE HOURS: Monday through Friday, 8:30am to 7:00pm. ","Main Campus Number Service/Intake (818) 947-2600, CalWORKs Office Service/Intake (818) 947-2976, Community Services Department Service/Intake (818) 947-2577, Services for Students with Disabilities Service/Intake (818) 947-2681, Child Development Center S",www.lavc.cc.ca.us,,,61507,"This school provides education services, employment services and post-secondary education for California residents who are high school graduates or who are age 18 or older.",91401,http://egis3.lacounty.gov/lms/?p=61507,publish,34.175857,-118.42233,2013/06/01 11:50:56+00,,,6433930.82525948,1886646.41628797
-118.270041256641,34.0332273673133,62177,211,,Education,Colleges and Universities,,,Los Angeles Trade Technical College,400 W. Washington Blvd.,,Los Angeles,CA,"Monday through Thursday, 8:30am to 8:00pm; Friday, 8:30am to 4:00pm","Disabled Student Services Service/Intake (213) 763-3773, Financial Aid Office Service/Intake (213) 763-7082,  FAX (213) 763-5393,  TDD (213) 763-5375,  Service/Intake (213) 763-7000",www.lattc.edu,,,68997,The school provides employment services and post-secondary education to people who live in Los Angeles County.,90015,http://egis3.lacounty.gov/lms/?p=68997,publish,34.0332274,-118.2700412,2013/05/28 16:08:42+00,,,6479853.07659064,1834582.37704356
-118.41936005635,34.1719099462164,62310,211,,Education,Colleges and Universities,,,"Help Group, The",13130 Burbank Blvd,,Sherman Oaks,CA,"Monday through Friday, 8:00am to 8:00pm. ","Service/Intake (877) 943-5747, Admission FAX (818) 779-5295,  Service/Intake and Administration (818) 781-0360",www.thehelpgroup.org,,,70042,"The center provides child abuse services, education services, mental health services, residential mental health services, welfare-to-work support services and services for people with developmental disabilities, primarily for residents of the San Fernando Valley, greater Los Angeles and the South Bay.",91401,http://egis3.lacounty.gov/lms/?p=70042,publish,34.17190998,-118.41936,2015/03/11 12:43:44+00,,,6434823.14466906,1885206.27546747
-118.386221355824,34.0030623069309,62928,211,,Education,Colleges and Universities,,,West Los Angeles College,9000 Overland Ave,,Culver City,CA,"Administrative hours are Monday through Thursday, 8:00am to 9:00pm; Friday, 8:00am to 4:00pm.  The Workforce Development Center hours are Monday through Thursday, 8:30am to 4:30pm and by appointment. ","Disabled Student Services Service/Intake (310) 287-4450, CalWORKs Dir. - Mary Anne Gavarra-Oh Service/Intake (310) 287-4421, Main Number Service/Intake (310) 287-4200, Workforce Development Center Service/Intake (310) 287-4261",www.wlac.edu,,,70461,The college provides employment services and post-secondary education for people in the Los Angeles Community College District.,90230,http://egis3.lacounty.gov/lms/?p=70461,publish,34.00306234,-118.3862213,2010/11/01 11:50:56+00,,,6444610.72483139,1823719.69338839
-118.135638356351,33.8343045077658,63227,211,,Education,Colleges and Universities,,,Long Beach Community College District,4901 E Carson St,,Long Beach,CA,"Monday through Friday, 8:00am to 5:00pm. ","Office of the President Administrative (562) 938-4121, Executive Director - Public Affairs Administrative (562) 938-4723, Main Switchboard Service/Intake (562) 938-4111, Financial Aid Office - Liberal Arts Campus Service/Intake (562) 938-4257, Financial A",http://www.lbcc.edu,,,70577,The district administers a community college program that offers post-secondary education for high school graduates or adults 18 years and older.,90808,http://egis3.lacounty.gov/lms/?p=70577,publish,33.83430454,-118.1356383,2010/11/01 11:50:56+00,,,6520476.83162905,1762107.7713369
-118.386221355824,34.0030623069309,63706,211,,Education,Colleges and Universities,,,West Los Angeles College - Community Services - Westside Extension,9000 Overland Ave,,Culver City,CA,"Monday through Thursday, 12:00pm to 5:00pm; and Friday, 12:00pm to 3:00pm. ","Service/Intake (310) 287-4475,  FAX (310) 287-4258",www.wlac.edu/westside,,,70797,The program provides post-secondary education for people who live in West Los Angeles.,90230,http://egis3.lacounty.gov/lms/?p=70797,publish,34.00306234,-118.3862213,2010/11/01 11:50:56+00,,,6444610.72483139,1823719.69338839
